Model,Threshold,Precision,Recall,F1_score,selected
LogisticRegression_early,0.05,0.9839749147448125,0.9992955989610085,0.9915760810210634,False
LogisticRegression_early,0.055,0.9846712267356944,0.9992368988744258,0.9919005928882544,False
LogisticRegression_early,0.06,0.9852826256837718,0.9991488487445519,0.9921672920689278,False
LogisticRegression_early,0.065,0.9858371709097228,0.9990167735497409,0.9923832153764295,False
LogisticRegression_early,0.07,0.9863785883000769,0.9989140483982214,0.9926067428838078,False
LogisticRegression_early,0.075,0.986590899207051,0.9987526231601191,0.9926345113253504,False
LogisticRegression_early,0.08,0.9869176770899809,0.9985765229003712,0.9927128695538,False
LogisticRegression_early,0.08499999999999999,0.9873026468539586,0.9984444477055604,0.9928422895917697,False
LogisticRegression_early,0.09,0.9875736724443284,0.9983417225540407,0.9929285041852455,False
LogisticRegression_early,0.095,0.9879596816359728,0.9982389974025212,0.9930727398810175,False
LogisticRegression_early,0.09999999999999999,0.9883312020460358,0.9980922471860646,0.9931877423170438,False
LogisticRegression_early,0.105,0.988687749909124,0.9978574468397341,0.9932514351655736,False
LogisticRegression_early,0.10999999999999999,0.9890586352393423,0.9975786214284666,0.9933003587267029,False
LogisticRegression_early,0.11499999999999999,0.9894171421916851,0.9974465462336557,0.9934156198159881,False
LogisticRegression_early,0.12,0.9895889453528838,0.9973438210821362,0.9934512498172782,False
LogisticRegression_early,0.12499999999999999,0.9899328370168563,0.997138370779097,0.9935225395154333,False
LogisticRegression_early,0.13,0.9902906959792401,0.9968448703461837,0.993556974337597,False
LogisticRegression_early,0.135,0.9905207740881714,0.9967421451946642,0.9936217212575157,False
LogisticRegression_early,0.13999999999999999,0.9908085553383327,0.9966100699998532,0.9937008450085965,False
LogisticRegression_early,0.145,0.9911253831557437,0.9964633197833966,0.9937871835964084,False
LogisticRegression_early,0.14999999999999997,0.9913702470650079,0.9963312445885858,0.9938445548830026,False
LogisticRegression_early,0.15499999999999997,0.9916003213790081,0.9961404693071922,0.9938652103251878,False
LogisticRegression_early,0.15999999999999998,0.9918888109435285,0.99597904406909,0.9939297194783513,False
LogisticRegression_early,0.16499999999999998,0.9921194221884321,0.9958029438093421,0.9939577703073847,False
LogisticRegression_early,0.16999999999999998,0.9923648490521881,0.99564151857124,0.994000483477522,False
LogisticRegression_early,0.175,0.9926682569183264,0.9954360682682007,0.9940502359389196,False
LogisticRegression_early,0.18,0.9929000146391451,0.9953333431166811,0.9941151898455879,False
LogisticRegression_early,0.185,0.9932479934383971,0.9951865929002245,0.9942163481626459,False
LogisticRegression_early,0.19,0.993407076404659,0.995039842683768,0.9942227891904574,False
LogisticRegression_early,0.195,0.9935366622209846,0.9948197173590831,0.9941777758223709,False
LogisticRegression_early,0.19999999999999996,0.9937399208327224,0.9947169922075635,0.9942282164675511,False
LogisticRegression_early,0.20499999999999996,0.9939137958848461,0.9945555669694612,0.9942345778625394,False
LogisticRegression_early,0.20999999999999996,0.9939716624130951,0.994482191861233,0.9942268615987265,False
LogisticRegression_early,0.21499999999999997,0.9940587087593704,0.9944088167530047,0.9942337319345609,False
LogisticRegression_early,0.21999999999999997,0.9942184656923168,0.9942914165798394,0.9942549397979323,False
LogisticRegression_early,0.22499999999999998,0.994320099801864,0.9942033664499655,0.9942617296995847,False
LogisticRegression_early,0.22999999999999998,0.9943775689958896,0.9940419412118633,0.9942097267783624,False
LogisticRegression_early,0.235,0.9945520492224555,0.9939098660170523,0.9942308539216982,False
LogisticRegression_early,0.24,0.9946979599629885,0.993880515973761,0.9942890699552228,False
LogisticRegression_early,0.245,0.9949310922394288,0.9937484407789502,0.9943394148526119,False
LogisticRegression_early,0.24999999999999994,0.995033209898313,0.9937044157140131,0.9943683688828517,False
LogisticRegression_early,0.25499999999999995,0.9951496979584638,0.9936016905624936,0.9943750917902776,False
LogisticRegression_early,0.25999999999999995,0.9952661678011202,0.9934842903893283,0.9943744308334068,False
LogisticRegression_early,0.26499999999999996,0.9953244232720215,0.9934255903027457,0.9943741002967185,False
LogisticRegression_early,0.26999999999999996,0.9955144420260015,0.9933668902161631,0.9944395066806719,True
LogisticRegression_early,0.27499999999999997,0.9955724876441515,0.9932494900429978,0.9944096321817126,False
LogisticRegression_early,0.27999999999999997,0.9956158418172188,0.9931174148481869,0.9943650589574992,False
LogisticRegression_early,0.285,0.9956741804484727,0.9930587147616042,0.9943647277509606,False
LogisticRegression_early,0.29,0.9957029123070358,0.9929266395667934,0.9943128379967082,False
LogisticRegression_early,0.295,0.99573177911221,0.9928239144152737,0.9942757206786835,False
LogisticRegression_early,0.3,0.9958192872179122,0.9927211892637542,0.9942678248600026,False
LogisticRegression_early,0.30499999999999994,0.9958777457158,0.9926771641988172,0.9942748792874099,False
LogisticRegression_early,0.30999999999999994,0.9959799734943308,0.9925744390472976,0.9942742901663323,False
LogisticRegression_early,0.31499999999999995,0.9960676887730305,0.9925010639390693,0.9942811778715397,False
LogisticRegression_early,0.31999999999999995,0.9962139626699665,0.992383663765904,0.9942951243898136,False
LogisticRegression_early,0.32499999999999996,0.9963310052161612,0.9922809386143845,0.9943018476718453,False
LogisticRegression_early,0.32999999999999996,0.9964186231595702,0.9921488634195735,0.9942791593746783,False
LogisticRegression_early,0.33499999999999996,0.996579987027537,0.9920901633329909,0.9943300068392914,False
LogisticRegression_early,0.33999999999999997,0.9966384572287913,0.9920021132031169,0.9943148805977833,False
LogisticRegression_early,0.3449999999999999,0.9967263879672639,0.9919287380948887,0.9943217758425396,False
LogisticRegression_early,0.3499999999999999,0.9967994100294986,0.9917819878784321,0.9942843691841433,False
LogisticRegression_early,0.3549999999999999,0.9969020151653734,0.9916792627269125,0.9942837805030568,False
LogisticRegression_early,0.35999999999999993,0.9970191541480978,0.9915031624671646,0.9942535078618782,False
LogisticRegression_early,0.36499999999999994,0.9970483625791408,0.9914297873589364,0.9942311371429412,False
LogisticRegression_early,0.36999999999999994,0.9971509550943285,0.9912830371424798,0.9942083379328108,False
LogisticRegression_early,0.37499999999999994,0.9972242728480732,0.9911803119909602,0.9941931067982601,False
LogisticRegression_early,0.37999999999999995,0.9972535585612191,0.9911216119043775,0.994178130083096,False
LogisticRegression_early,0.38499999999999995,0.9973267560701837,0.9909601866662753,0.9941332783711566,False
LogisticRegression_early,0.38999999999999996,0.9973854085114554,0.9908574615147557,0.9941107184923439,False
LogisticRegression_early,0.39499999999999996,0.9974587790319721,0.9907400613415904,0.9940880679099148,False
LogisticRegression_early,0.3999999999999999,0.9975469551211006,0.9906373361900709,0.994080139013651,False
LogisticRegression_early,0.4049999999999999,0.9976204903858944,0.9905639610818426,0.9940797031015287,False
LogisticRegression_early,0.4099999999999999,0.9976202090077306,0.9904465609086773,0.9940204424283484,False
LogisticRegression_early,0.4149999999999999,0.99767909410756,0.9904025358437404,0.9940274985455375,False
LogisticRegression_early,0.41999999999999993,0.9977672630489428,0.9902557856272838,0.9939973337850677,False
LogisticRegression_early,0.42499999999999993,0.9977966076630732,0.9901824105190555,0.9939749274486985,False
LogisticRegression_early,0.42999999999999994,0.9978701060509696,0.9900503353242446,0.9939448405916672,False
LogisticRegression_early,0.43499999999999994,0.997914201183432,0.9899622851943707,0.9939223385367938,False
LogisticRegression_early,0.43999999999999995,0.9979879275653923,0.9899182601294337,0.9939367149224592,False
LogisticRegression_early,0.44499999999999995,0.9980467593962711,0.9898008599562684,0.9939067070430214,False
LogisticRegression_early,0.4499999999999999,0.9981351567356362,0.9896834597831031,0.993891341031177,False
LogisticRegression_early,0.4549999999999999,0.9981792613426097,0.9895660596099379,0.9938539993220239,False
LogisticRegression_early,0.4599999999999999,0.9982678470967933,0.989522034545001,0.9938757010516697,False
LogisticRegression_early,0.4649999999999999,0.9983119863774339,0.9894046343718357,0.9938383525700556,False
LogisticRegression_early,0.4699999999999999,0.9984447209384998,0.9891991840687965,0.993800449670119,False
LogisticRegression_early,0.4749999999999999,0.998488956046398,0.9891111339389226,0.9937779219438834,False
LogisticRegression_early,0.4799999999999999,0.9985035706877649,0.9889937337657573,0.9937259007497954,False
LogisticRegression_early,0.48499999999999993,0.9985330073349633,0.9888910086142377,0.9936886188692601,False
LogisticRegression_early,0.48999999999999994,0.998547653274449,0.9887882834627181,0.9936440053089515,False
LogisticRegression_early,0.49499999999999994,0.998621425712634,0.9886268582246159,0.9935990088787942,False
LogisticRegression_early,0.49999999999999994,0.998650892486509,0.9885241330730963,0.9935617095025627,False
LogisticRegression_early,0.5049999999999999,0.9986803475579016,0.988406732899931,0.9935169819670318,False
LogisticRegression_early,0.5099999999999999,0.9987246222064036,0.9882893327267658,0.9934795757298597,False
LogisticRegression_early,0.5149999999999999,0.9987393213099193,0.9882012825968919,0.9934423569157685,False
LogisticRegression_early,0.5199999999999999,0.9987541158672244,0.9881866075752461,0.9934422601703979,False
LogisticRegression_early,0.5249999999999999,0.9987538940809969,0.9880105073154983,0.9933531533791211,False
LogisticRegression_early,0.5299999999999999,0.9988128626333674,0.9877610319475221,0.9932562051766373,False
LogisticRegression_early,0.5349999999999999,0.9988424380036508,0.9877023318609395,0.9932411492997654,False
LogisticRegression_early,0.5399999999999999,0.9988572107036316,0.9876583067960025,0.9932261920573782,False
LogisticRegression_early,0.5449999999999999,0.9988571089308773,0.9875702566661286,0.9931816169308421,False
LogisticRegression_early,0.5499999999999999,0.9989014577951961,0.9874528564929633,0.9931441644219771,False
LogisticRegression_early,0.5549999999999999,0.998945821145937,0.987335456319798,0.9931067058319926,False
LogisticRegression_early,0.5599999999999999,0.9990050933281855,0.9872767562332154,0.9931062988057807,False
LogisticRegression_early,0.565,0.9990050785542455,0.9872620812115698,0.9930988670332509,False
LogisticRegression_early,0.57,0.9990495002450507,0.9871740310816959,0.9930762644306003,False
LogisticRegression_early,0.575,0.9990790802685521,0.9870713059301762,0.9930388950814589,False
LogisticRegression_early,0.58,0.9990789708241725,0.986953905757011,0.9929794255088256,False
LogisticRegression_early,0.585,0.9991828001723548,0.986865855627137,0.9929861346957459,False
LogisticRegression_early,0.59,0.999212446320044,0.9868071555405544,0.9929710572947431,False
LogisticRegression_early,0.595,0.9992123878024134,0.9867337804323262,0.9929338797208993,False
LogisticRegression_early,0.6,0.9992568923236977,0.9866750803457435,0.9929261304900021,False
LogisticRegression_early,0.605,0.999271646228168,0.9865430051509326,0.9928665317756872,False
LogisticRegression_early,0.61,0.9993161478309993,0.9864549550210586,0.9928439025470981,False
LogisticRegression_early,0.615,0.9993606898602438,0.9864109299561217,0.992843585444931,False
LogisticRegression_early,0.62,0.9993606328248134,0.9863228798262478,0.9927989541865773,False
LogisticRegression_early,0.625,0.9993754739706473,0.9862935297829565,0.9927914087773461,False
LogisticRegression_early,0.63,0.9993903073743067,0.9862495047180194,0.9927764236649679,False
LogisticRegression_early,0.635,0.9994200053537967,0.9862054796530825,0.9927687705432655,False
LogisticRegression_early,0.6399999999999999,0.999449707750197,0.9861614545881455,0.9927611168562565,False
LogisticRegression_early,0.6449999999999999,0.9994794300502722,0.9861467795664999,0.9927683432193061,False
LogisticRegression_early,0.6499999999999999,0.9994942583447373,0.9860734044582716,0.9927384742670143,False
LogisticRegression_early,0.6549999999999999,0.9994942508218424,0.9860587294366259,0.9927310334638398,False
LogisticRegression_early,0.6599999999999999,0.9994942432987237,0.9860440544149802,0.9927235925507317,False
LogisticRegression_early,0.6649999999999999,0.9995239441229414,0.985970679306752,0.9927010534714321,False
LogisticRegression_early,0.6699999999999999,0.999523908709495,0.9858973041985237,0.9926638445000997,False
LogisticRegression_early,0.6749999999999999,0.9995238520370205,0.9857799040253584,0.9926043044278126,False
LogisticRegression_early,0.6799999999999999,0.9995981903684743,0.9857065289171302,0.9926037579707253,False
LogisticRegression_early,0.6849999999999999,0.999598136544272,0.9855744537223192,0.9925367619892116,False
LogisticRegression_early,0.69,0.9996129858144416,0.985501078614091,0.9925068723951406,False
LogisticRegression_early,0.695,0.9996576158151721,0.9854717285707997,0.9925139854713677,False
LogisticRegression_early,0.7,0.999672477706153,0.985413028484217,0.9924915382000384,False
LogisticRegression_early,0.705,0.9997319873140662,0.9853249783543431,0.9924762017383079,False
LogisticRegression_early,0.71,0.9997617487640718,0.9852809532894061,0.9924685326572997,False
LogisticRegression_early,0.715,0.9997617310241098,0.9852075781811778,0.9924312977663459,False
LogisticRegression_early,0.72,0.9997617274758005,0.9851929031595321,0.992423850457895,False
LogisticRegression_early,0.725,0.9997766128551856,0.9851782281378865,0.9924237384600602,False
LogisticRegression_early,0.73,0.9997766062014118,0.9851488780945952,0.9924088432910289,False
LogisticRegression_early,0.735,0.9997914898053408,0.9851195280513039,0.9924012832074273,False
LogisticRegression_early,0.74,0.9998063747393506,0.9850901780080126,0.9923937227885248,False
LogisticRegression_early,0.7449999999999999,0.9998212610036195,0.9850608279647213,0.9923861620342992,False
LogisticRegression_early,0.7499999999999999,0.999821247691116,0.9849874528564929,0.9923489188689706,False
LogisticRegression_early,0.7549999999999999,0.9998212263869852,0.9848700526833277,0.9922893240775651,False
LogisticRegression_early,0.7599999999999999,0.999821218396627,0.9848260276183908,0.9922669742133902,False
LogisticRegression_early,0.7649999999999999,0.9998509953510549,0.9847233024668711,0.9922294924402055,False
LogisticRegression_early,0.7699999999999999,0.9998658898210374,0.9846939524235798,0.9922219264779818,False
LogisticRegression_early,0.7749999999999999,0.9998658838255894,0.9846499273586429,0.9921995726400935,False
LogisticRegression_early,0.7799999999999999,0.9998807749627422,0.9845765522504145,0.9921696501852222,False
LogisticRegression_early,0.7849999999999999,0.9998807749627422,0.9845765522504145,0.9921696501852222,False
LogisticRegression_early,0.7899999999999999,0.9998807714089839,0.9845472022071232,0.9921547459720055,False
LogisticRegression_early,0.7949999999999999,0.9999254787987182,0.9845472022071232,0.9921767550540529,False
LogisticRegression_early,0.7999999999999999,0.9999254721340309,0.9844591520772493,0.9921320397539044,False
LogisticRegression_early,0.8049999999999999,0.9999254699122035,0.984429802033958,0.992117133772092,False
LogisticRegression_early,0.8099999999999999,0.9999254665792141,0.9843857769690211,0.9920947739726534,False
LogisticRegression_early,0.815,0.9999254632459266,0.984341751904084,0.9920724131810921,False
LogisticRegression_early,0.82,0.9999552746138708,0.9842977268391471,0.9920647246318934,False
LogisticRegression_early,0.825,0.9999552732802576,0.9842683767958558,0.9920498162213331,False
LogisticRegression_early,0.83,0.9999552726134212,0.9842537017742101,0.9920423618506685,False
LogisticRegression_early,0.835,0.9999552719465649,0.9842390267525645,0.9920349073697445,False
LogisticRegression_early,0.84,0.9999552672780139,0.9841363016010448,0.9919827229158038,False
LogisticRegression_early,0.845,0.9999552652769079,0.9840922765361079,0.9919603564956917,False
LogisticRegression_early,0.8499999999999999,0.9999552639427378,0.9840629264928166,0.9919454449975222,False
LogisticRegression_early,0.8549999999999999,0.999955263275623,0.9840482514711709,0.9919379890830017,False
LogisticRegression_early,0.8599999999999999,0.9999701746275557,0.9840335764495253,0.9919378698224852,False
LogisticRegression_early,0.8649999999999999,0.9999701741827726,0.9840189014278796,0.9919304136864918,False
LogisticRegression_early,0.8699999999999999,0.9999701741827726,0.9840189014278796,0.9919304136864918,False
LogisticRegression_early,0.8749999999999999,0.9999701741827726,0.9840189014278796,0.9919304136864918,False
LogisticRegression_early,0.8799999999999999,1.0,0.9840189014278796,0.9919450875389246,False
LogisticRegression_early,0.8849999999999999,1.0,0.9840189014278796,0.9919450875389246,False
LogisticRegression_early,0.8899999999999999,1.0,0.9839895513845883,0.9919301749325049,False
LogisticRegression_early,0.8949999999999999,1.0,0.983960201341297,0.9919152618848609,False
LogisticRegression_early,0.8999999999999999,1.0,0.983960201341297,0.9919152618848609,False
LogisticRegression_early,0.9049999999999999,1.0,0.98391617627636,0.9918928914860566,False
LogisticRegression_early,0.9099999999999999,1.0,0.9839015012547143,0.9918854344658219,False
LogisticRegression_early,0.9149999999999999,1.0,0.983872151211423,0.9918705200943878,False
LogisticRegression_early,0.9199999999999999,1.0,0.983872151211423,0.9918705200943878,False
LogisticRegression_early,0.9249999999999999,1.0,0.9838574761897774,0.9918630627431835,False
LogisticRegression_early,0.9299999999999999,1.0,0.9838281261464861,0.9918481477097881,False
LogisticRegression_early,0.9349999999999999,1.0,0.9838281261464861,0.9918481477097881,False
LogisticRegression_early,0.94,1.0,0.9837987761031948,0.9918332322350609,False
LogisticRegression_early,0.945,1.0,0.9837841010815491,0.9918257743321917,False
LogisticRegression_early,0.95,1.0,0.9837841010815491,0.9918257743321917,False
RandomForest_early,0.05,0.9664401923376973,0.9998825998268347,0.9828770087418136,False
RandomForest_early,0.055,0.9695197438633938,0.9998532497835434,0.9844528890751203,False
RandomForest_early,0.06,0.9695197438633938,0.9998532497835434,0.9844528890751203,False
RandomForest_early,0.065,0.9721056987130098,0.9998238997402521,0.9857699903782853,False
RandomForest_early,0.07,0.9721056987130098,0.9998238997402521,0.9857699903782853,False
RandomForest_early,0.075,0.9740096355916453,0.9998238997402521,0.9867479651246994,False
RandomForest_early,0.08,0.9740096355916453,0.9998238997402521,0.9867479651246994,False
RandomForest_early,0.08499999999999999,0.9750407877035807,0.9998092247186064,0.9872696841693415,False
RandomForest_early,0.09,0.9750407877035807,0.9998092247186064,0.9872696841693415,False
RandomForest_early,0.095,0.9759203552499642,0.9997945496969608,0.9877132066718375,False
RandomForest_early,0.09999999999999999,0.9759203552499642,0.9997945496969608,0.9877132066718375,False
RandomForest_early,0.105,0.9766195042933529,0.9997798746753151,0.9880639874693623,False
RandomForest_early,0.10999999999999999,0.9766195042933529,0.9997798746753151,0.9880639874693623,False
RandomForest_early,0.11499999999999999,0.9770817198749391,0.9997798746753151,0.988300488144543,False
RandomForest_early,0.12,0.9770817198749391,0.9997798746753151,0.988300488144543,False
RandomForest_early,0.12499999999999999,0.9774458744027892,0.9997651996536695,0.9884795635582768,False
RandomForest_early,0.13,0.9774458744027892,0.9997651996536695,0.9884795635582768,False
RandomForest_early,0.135,0.9778667700124877,0.9997651996536695,0.9886947435636955,False
RandomForest_early,0.13999999999999999,0.9778667700124877,0.9997651996536695,0.9886947435636955,False
RandomForest_early,0.145,0.9781616126809097,0.9997651996536695,0.9888454253180542,False
RandomForest_early,0.14999999999999997,0.9781616126809097,0.9997651996536695,0.9888454253180542,False
RandomForest_early,0.15499999999999997,0.9783863740808824,0.9997651996536695,0.9889602612955907,False
RandomForest_early,0.15999999999999998,0.9783863740808824,0.9997651996536695,0.9889602612955907,False
RandomForest_early,0.16499999999999998,0.9785262855501293,0.9997358496103782,0.9890173704115038,False
RandomForest_early,0.16999999999999998,0.9785262855501293,0.9997358496103782,0.9890173704115038,False
RandomForest_early,0.175,0.9788774894387448,0.9997211745887326,0.9891895423887553,False
RandomForest_early,0.18,0.9788774894387448,0.9997211745887326,0.9891895423887553,False
RandomForest_early,0.185,0.979060074734119,0.9997064995670869,0.9892755748858215,False
RandomForest_early,0.19,0.979060074734119,0.9997064995670869,0.9892755748858215,False
RandomForest_early,0.195,0.9792289558417663,0.9997064995670869,0.9893617793785536,False
RandomForest_early,0.19999999999999996,0.9792289558417663,0.9997064995670869,0.9893617793785536,False
RandomForest_early,0.20499999999999996,0.9794401391744425,0.9997064995670869,0.9894695561236346,False
RandomForest_early,0.20999999999999996,0.9794401391744425,0.9997064995670869,0.9894695561236346,False
RandomForest_early,0.21499999999999997,0.9795528075346898,0.9997064995670869,0.9895270466562083,False
RandomForest_early,0.21999999999999997,0.9795528075346898,0.9997064995670869,0.9895270466562083,False
RandomForest_early,0.22499999999999998,0.9796792981951535,0.9996918245454413,0.9895843925681663,False
RandomForest_early,0.22999999999999998,0.9796792981951535,0.9996918245454413,0.9895843925681663,False
RandomForest_early,0.235,0.9798903896776421,0.9996771495237955,0.9896848803591405,False
RandomForest_early,0.24,0.9798903896776421,0.9996771495237955,0.9896848803591405,False
RandomForest_early,0.245,0.9799597180261833,0.9996184494372129,0.9896914705818253,False
RandomForest_early,0.24999999999999994,0.9799597180261833,0.9996184494372129,0.9896914705818253,False
RandomForest_early,0.25499999999999995,0.9801283527109474,0.9995890993939216,0.9897630758723909,False
RandomForest_early,0.25999999999999995,0.9801283527109474,0.9995890993939216,0.9897630758723909,False
RandomForest_early,0.26499999999999996,0.9802538787023978,0.9995157242856934,0.9897910990009082,False
RandomForest_early,0.26999999999999996,0.9802538787023978,0.9995157242856934,0.9897910990009082,False
RandomForest_early,0.27499999999999997,0.9803520792250227,0.999486374242402,0.989826764329729,False
RandomForest_early,0.27999999999999997,0.9803520792250227,0.999486374242402,0.989826764329729,False
RandomForest_early,0.285,0.9804644199070008,0.9994570241991106,0.9898696277778585,False
RandomForest_early,0.29,0.9804644199070008,0.9994570241991106,0.9898696277778585,False
RandomForest_early,0.295,0.9805909117088061,0.9994276741558193,0.9899196918492678,False
RandomForest_early,0.3,0.9805909117088061,0.9994276741558193,0.9899196918492678,False
RandomForest_early,0.30499999999999994,0.9807168882040352,0.9993689740692367,0.989955081333314,False
RandomForest_early,0.30999999999999994,0.9807168882040352,0.9993689740692367,0.989955081333314,False
RandomForest_early,0.31499999999999995,0.9809002520705797,0.9993542990475911,0.9900412886717841,False
RandomForest_early,0.31999999999999995,0.9809143811938235,0.9993542990475911,0.9900484854652642,False
RandomForest_early,0.32499999999999996,0.9810690102290737,0.9993102739826542,0.9901056320109339,False
RandomForest_early,0.32999999999999996,0.9810690102290737,0.9993102739826542,0.9901056320109339,False
RandomForest_early,0.33499999999999996,0.9812095623730133,0.9992662489177172,0.9901555911007707,False
RandomForest_early,0.33999999999999997,0.9812095623730133,0.9992662489177172,0.9901555911007707,False
RandomForest_early,0.3449999999999999,0.9813926002796155,0.9992222238527801,0.9902271603501934,False
RandomForest_early,0.3499999999999999,0.9813926002796155,0.9992222238527801,0.9902271603501934,False
RandomForest_early,0.3549999999999999,0.9815893428678527,0.9991488487445519,0.9902912621359223,False
RandomForest_early,0.35999999999999993,0.9815893428678527,0.9991488487445519,0.9902912621359223,False
RandomForest_early,0.36499999999999994,0.9819414394922833,0.9990461235930324,0.9904199370058121,False
RandomForest_early,0.36999999999999994,0.9819414394922833,0.9990461235930324,0.9904199370058121,False
RandomForest_early,0.37499999999999994,0.9822657681707335,0.9989580734631583,0.9905416023980675,False
RandomForest_early,0.37999999999999995,0.9822657681707335,0.9989580734631583,0.9905416023980675,False
RandomForest_early,0.38499999999999995,0.9823779009352269,0.9988846983549301,0.9905625368366672,False
RandomForest_early,0.38999999999999996,0.9823779009352269,0.9988846983549301,0.9905625368366672,False
RandomForest_early,0.39499999999999996,0.9826590429986427,0.9987379481384735,0.9906332559442799,False
RandomForest_early,0.3999999999999999,0.9826590429986427,0.9987379481384735,0.9906332559442799,False
RandomForest_early,0.4049999999999999,0.9829551199641768,0.9986205479653083,0.9907259121218298,False
RandomForest_early,0.4099999999999999,0.9829551199641768,0.9986205479653083,0.9907259121218298,False
RandomForest_early,0.4149999999999999,0.9831377875390128,0.998503147792143,0.9907608972632161,False
RandomForest_early,0.41999999999999993,0.9831377875390128,0.998503147792143,0.9907608972632161,False
RandomForest_early,0.42499999999999993,0.9833632053654024,0.9983857476189777,0.9908175377019814,False
RandomForest_early,0.42999999999999994,0.9833632053654024,0.9983857476189777,0.9908175377019814,False
RandomForest_early,0.43499999999999994,0.9836169874343884,0.9982536724241668,0.9908812818645302,False
RandomForest_early,0.43999999999999995,0.9836169874343884,0.9982536724241668,0.9908812818645302,False
RandomForest_early,0.44499999999999995,0.9838975694444444,0.9980041970561907,0.9909006797170395,False
RandomForest_early,0.4499999999999999,0.9838975694444444,0.9980041970561907,0.9909006797170395,False
RandomForest_early,0.4549999999999999,0.9843514765489287,0.9978867968830254,0.9910729250927323,False
RandomForest_early,0.4599999999999999,0.9843514765489287,0.9978867968830254,0.9910729250927323,False
RandomForest_early,0.4649999999999999,0.9846626211131548,0.9977253716449231,0.9911509585246738,False
RandomForest_early,0.4699999999999999,0.9846626211131548,0.9977253716449231,0.9911509585246738,False
RandomForest_early,0.4749999999999999,0.9850170984756275,0.9975786214284666,0.9912580656921002,False
RandomForest_early,0.4799999999999999,0.9850170984756275,0.9975786214284666,0.9912580656921002,False
RandomForest_early,0.48499999999999993,0.9852563823772452,0.9973438210821362,0.9912632546199734,False
RandomForest_early,0.48999999999999994,0.9852563823772452,0.9973438210821362,0.9912632546199734,False
RandomForest_early,0.49499999999999994,0.9856382284247023,0.9970649956708686,0.9913186845253728,False
RandomForest_early,0.49999999999999994,0.9856382284247023,0.9970649956708686,0.9913186845253728,False
RandomForest_early,0.5049999999999999,0.9860500224999638,0.9968448703461837,0.9914180629342052,False
RandomForest_early,0.5099999999999999,0.9860500224999638,0.9968448703461837,0.9914180629342052,False
RandomForest_early,0.5149999999999999,0.9862625793241654,0.9966834451080815,0.9914456301183889,False
RandomForest_early,0.5199999999999999,0.9862769016293457,0.9966834451080815,0.9914528666836977,False
RandomForest_early,0.5249999999999999,0.9866170679608829,0.996404619696814,0.9914866897387596,False
RandomForest_early,0.5299999999999999,0.9866170679608829,0.996404619696814,0.9914866897387596,False
RandomForest_early,0.5349999999999999,0.9869434993748001,0.9961404693071922,0.9915206578976198,False
RandomForest_early,0.5399999999999999,0.9869434993748001,0.9961404693071922,0.9915206578976198,False
RandomForest_early,0.5449999999999999,0.9872572550730963,0.99597904406909,0.9915989714218924,False
RandomForest_early,0.5499999999999999,0.9872572550730963,0.99597904406909,0.9915989714218924,False
RandomForest_early,0.5549999999999999,0.9878705806977692,0.9955974935063029,0.991718986398088,False
RandomForest_early,0.5599999999999999,0.9878704040771751,0.9955828184846572,0.9917116168925142,False
RandomForest_early,0.565,0.9884859791290154,0.9952893180517441,0.9918759825966144,False
RandomForest_early,0.57,0.9884859791290154,0.9952893180517441,0.9918759825966144,False
RandomForest_early,0.575,0.9890023337222871,0.9950545177054136,0.9920191948969664,False
RandomForest_early,0.58,0.9890023337222871,0.9950545177054136,0.9920191948969664,False
RandomForest_early,0.585,0.9894325081737506,0.9947903673157918,0.9921042040174162,False
RandomForest_early,0.59,0.9894325081737506,0.9947903673157918,0.9921042040174162,False
RandomForest_early,0.595,0.9901672876031851,0.9945555669694612,0.9923565759803203,False
RandomForest_early,0.6,0.9901960784313726,0.9945408919478156,0.9923637295457042,False
RandomForest_early,0.605,0.9906421803719734,0.9942620665365481,0.9924488226462079,False
RandomForest_early,0.61,0.9906420435437412,0.9942473915149025,0.9924414431570159,False
RandomForest_early,0.615,0.9912486097289703,0.9939979161469263,0.992621359223301,False
RandomForest_early,0.62,0.9912486097289703,0.9939979161469263,0.992621359223301,False
RandomForest_early,0.625,0.9917240369122602,0.9935723405192023,0.9926473283338099,False
RandomForest_early,0.63,0.9917240369122602,0.9935723405192023,0.9926473283338099,False
RandomForest_early,0.635,0.9922012431101208,0.9932641650646434,0.992732419568932,False
RandomForest_early,0.6399999999999999,0.9922012431101208,0.9932641650646434,0.992732419568932,False
RandomForest_early,0.6449999999999999,0.9926204134329015,0.9928826145018564,0.9927514966545369,True
RandomForest_early,0.6499999999999999,0.9926204134329015,0.9928826145018564,0.9927514966545369,False
RandomForest_early,0.6549999999999999,0.9929232124504478,0.9924423638524866,0.992682729921543,False
RandomForest_early,0.6599999999999999,0.9929522662868722,0.992427688830841,0.9926899082568807,False
RandomForest_early,0.6649999999999999,0.9933707666980245,0.9917526378351408,0.9925610427758399,False
RandomForest_early,0.6699999999999999,0.9933707666980245,0.9917526378351408,0.9925610427758399,False
RandomForest_early,0.6749999999999999,0.9938641279557393,0.9912096620342515,0.9925351202021984,False
RandomForest_early,0.6799999999999999,0.9938641279557393,0.9912096620342515,0.9925351202021984,False
RandomForest_early,0.6849999999999999,0.9944616291059066,0.9907694113848818,0.9926120867730625,False
RandomForest_early,0.69,0.9944616291059066,0.9907694113848818,0.9926120867730625,False
RandomForest_early,0.695,0.9949871730604782,0.9903585107788034,0.9926674462561319,False
RandomForest_early,0.7,0.9949871730604782,0.9903585107788034,0.9926674462561319,False
RandomForest_early,0.705,0.9955275432485092,0.9897568348913315,0.9926338020913821,False
RandomForest_early,0.71,0.9955275432485092,0.9897568348913315,0.9926338020913821,False
RandomForest_early,0.715,0.9959071499283382,0.9891258089605682,0.9925048961140316,False
RandomForest_early,0.72,0.9959218653033483,0.9891258089605682,0.9925122035620412,False
RandomForest_early,0.725,0.9962439926062847,0.9886708832895529,0.9924429909846209,False
RandomForest_early,0.73,0.9962439926062847,0.9886708832895529,0.9924429909846209,False
RandomForest_early,0.735,0.9966992303137951,0.9881719325536005,0.9924172641724943,False
RandomForest_early,0.74,0.9967139833330866,0.9881719325536005,0.9924245773827947,False
RandomForest_early,0.7449999999999999,0.9971108542981598,0.9876142817310656,0.9923398482714894,False
RandomForest_early,0.7499999999999999,0.9971108542981598,0.9876142817310656,0.9923398482714894,False
RandomForest_early,0.7549999999999999,0.9975827858763513,0.9871887061033415,0.9923585295332508,False
RandomForest_early,0.7599999999999999,0.9975827858763513,0.9871887061033415,0.9923585295332508,False
RandomForest_early,0.7649999999999999,0.9979964381121995,0.9868218305622001,0.9923776775897818,False
RandomForest_early,0.7699999999999999,0.9979964381121995,0.9868218305622001,0.9923776775897818,False
RandomForest_early,0.7749999999999999,0.9983663042832531,0.9864843050643499,0.9923897398043919,False
RandomForest_early,0.7799999999999999,0.9983663042832531,0.9864843050643499,0.9923897398043919,False
RandomForest_early,0.7849999999999999,0.9987958792311465,0.9859853543283976,0.992349274805778,False
RandomForest_early,0.7899999999999999,0.9987958792311465,0.9859853543283976,0.992349274805778,False
RandomForest_early,0.7949999999999999,0.9990628625829292,0.9856184787872562,0.9922951340410286,False
RandomForest_early,0.7999999999999999,0.9990628625829292,0.9856184787872562,0.9922951340410286,False
RandomForest_early,0.8049999999999999,0.9992559191630579,0.9853836784409257,0.9922713166839072,False
RandomForest_early,0.8099999999999999,0.9992559191630579,0.9853836784409257,0.9922713166839072,False
RandomForest_early,0.815,0.9994640464493078,0.9851929031595321,0.9922771647956959,False
RandomForest_early,0.82,0.9994640464493078,0.9851929031595321,0.9922771647956959,False
RandomForest_early,0.825,0.9994788409422556,0.98503147792143,0.9922025705648887,False
RandomForest_early,0.83,0.9994788409422556,0.98503147792143,0.9922025705648887,False
RandomForest_early,0.835,0.9995829796106817,0.9849140777482647,0.9921943142675517,False
RandomForest_early,0.84,0.9995978672068154,0.9849140777482647,0.9922016483719555,False
RandomForest_early,0.845,0.9997168996036594,0.9846205773153516,0.9921113140170195,False
RandomForest_early,0.8499999999999999,0.9997168996036594,0.9846205773153516,0.9921113140170195,False
RandomForest_early,0.8549999999999999,0.9998062391009495,0.9844004519906667,0.9920435387027123,False
RandomForest_early,0.8599999999999999,0.9998062391009495,0.9844004519906667,0.9920435387027123,False
RandomForest_early,0.8649999999999999,0.9999105505612952,0.9842683767958558,0.9920278065374944,False
RandomForest_early,0.8699999999999999,0.9999105505612952,0.9842683767958558,0.9920278065374944,False
RandomForest_early,0.8749999999999999,0.999925454355702,0.9842243517309188,0.9920127795527156,False
RandomForest_early,0.8799999999999999,0.999925454355702,0.9842243517309188,0.9920127795527156,False
RandomForest_early,0.8849999999999999,0.9999403599278355,0.9841803266659819,0.9919977516788451,False
RandomForest_early,0.8899999999999999,0.9999403599278355,0.9841803266659819,0.9919977516788451,False
RandomForest_early,0.8949999999999999,0.9999403545919509,0.9840922765361079,0.9919530198363978,False
RandomForest_early,0.8999999999999999,0.9999403545919509,0.9840922765361079,0.9919530198363978,False
RandomForest_early,0.9049999999999999,0.9999552579379875,0.9839308512980056,0.991878337796056,False
RandomForest_early,0.9099999999999999,0.9999552579379875,0.9839308512980056,0.991878337796056,False
RandomForest_early,0.9149999999999999,0.9999552525990782,0.9838134511248404,0.9918186794490553,False
RandomForest_early,0.9199999999999999,0.9999552525990782,0.9838134511248404,0.9918186794490553,False
RandomForest_early,0.9249999999999999,0.9999701639490997,0.9836813759300295,0.9917588921110256,False
RandomForest_early,0.9299999999999999,0.9999701639490997,0.9836813759300295,0.9917588921110256,False
RandomForest_early,0.9349999999999999,0.9999850779676192,0.9834319005620533,0.9916394146110478,False
RandomForest_early,0.94,0.9999850779676192,0.9834319005620533,0.9916394146110478,False
RandomForest_early,0.945,0.9999850739585354,0.9831677501724315,0.9915051058161907,False
RandomForest_early,0.95,0.9999850739585354,0.9831677501724315,0.9915051058161907,False
XGBoost_early,0.05,0.9812525217591792,0.9992955989610085,0.9901918728506096,False
XGBoost_early,0.055,0.9818014016670031,0.9991341737229062,0.9903919586294176,False
XGBoost_early,0.06,0.9822662799590205,0.9989874235064496,0.9905562911979977,False
XGBoost_early,0.065,0.9828328039272307,0.9989433984415127,0.9908226166823141,False
XGBoost_early,0.07,0.9832996243860156,0.9988406732899932,0.9910092237356494,False
XGBoost_early,0.075,0.9836098745447187,0.9986939230735365,0.9910945088872869,False
XGBoost_early,0.08,0.9839355687618386,0.9986058729436625,0.9912164425864154,False
XGBoost_early,0.08499999999999999,0.9844891699101471,0.998503147792143,0.9914466398554526,False
XGBoost_early,0.09,0.9849004705030764,0.998371072597332,0.9915900246323369,False
XGBoost_early,0.095,0.985298590692487,0.9982830224674581,0.9917483088406811,False
XGBoost_early,0.09999999999999999,0.9856534214416137,0.9981362722510015,0.9918555731357867,False
XGBoost_early,0.105,0.9859236601382989,0.9980482221211276,0.9919488929727838,False
XGBoost_early,0.10999999999999999,0.9863373315735275,0.9979748470128993,0.9921219636734991,False
XGBoost_early,0.11499999999999999,0.9866349349160511,0.9977547216882144,0.9921636727129453,False
XGBoost_early,0.12,0.9868774405202573,0.9976813465799862,0.992249985404869,False
XGBoost_early,0.12499999999999999,0.9870901222735325,0.9975052463202383,0.9922703550965293,False
XGBoost_early,0.13,0.9872895512848447,0.9974025211687187,0.9923202709805524,False
XGBoost_early,0.135,0.9875468627393996,0.9973291460604904,0.9924138988471171,False
XGBoost_early,0.13999999999999999,0.987760026747685,0.9971530458007426,0.9924343114201002,False
XGBoost_early,0.145,0.9879738828217023,0.9970209706059316,0.9924768095829377,False
XGBoost_early,0.14999999999999997,0.9881163636363637,0.9969182454544121,0.9924977902449358,False
XGBoost_early,0.15499999999999997,0.9883585564610011,0.9967274701730185,0.9925253720874159,False
XGBoost_early,0.15999999999999998,0.9886016245960346,0.9965953949782076,0.9925824155747349,False
XGBoost_early,0.16499999999999998,0.9887152904174614,0.9964633197833966,0.9925741850606636,False
XGBoost_early,0.16999999999999998,0.9888864612919671,0.9963165695669401,0.9925876109299844,False
XGBoost_early,0.175,0.9890287612553544,0.9961551443288379,0.9925791617011632,False
XGBoost_early,0.18,0.9891858804325648,0.9960230691340269,0.9925927009220734,False
XGBoost_early,0.185,0.9893865173781199,0.9959056689608617,0.992635389622262,False
XGBoost_early,0.19,0.9895714827455442,0.9956561935928856,0.9926045133682017,False
XGBoost_early,0.195,0.9897292250233427,0.9955534684413659,0.9926328034121753,False
XGBoost_early,0.19999999999999996,0.9899448352353989,0.9954507432898464,0.9926901547579848,False
XGBoost_early,0.20499999999999996,0.9901607275806192,0.9953626931599724,0.9927548959339598,False
XGBoost_early,0.20999999999999996,0.9903611642545237,0.9951572428569332,0.992753411020671,False
XGBoost_early,0.21499999999999997,0.9905770635500365,0.995039842683768,0.9928034379507003,False
XGBoost_early,0.21999999999999997,0.9907775504238526,0.9948050423374375,0.992787211763069,False
XGBoost_early,0.22499999999999998,0.9909501600900598,0.9946729671426265,0.9928080737062589,False
XGBoost_early,0.22999999999999998,0.9910222105247767,0.9946289420776896,0.99282230067236,False
XGBoost_early,0.235,0.9911517367458866,0.9945262169261699,0.9928361095240188,False
XGBoost_early,0.24,0.991309691011236,0.994350116666422,0.9928275761016887,False
XGBoost_early,0.245,0.9913958354673027,0.9942473915149025,0.9928195659500887,False
XGBoost_early,0.24999999999999994,0.9916127521297462,0.9941593413850286,0.992884413861836,False
XGBoost_early,0.25499999999999995,0.9918881323669375,0.9941006412984459,0.9929931543998006,False
XGBoost_early,0.25999999999999995,0.9920181605155243,0.994012591168572,0.9930143744090073,False
XGBoost_early,0.26499999999999996,0.9923075795982359,0.9938511659304697,0.9930787729485601,False
XGBoost_early,0.26999999999999996,0.9924227990209729,0.9937044157140131,0.993063193863933,False
XGBoost_early,0.27499999999999997,0.9925384074117509,0.9936016905624936,0.9930697643719887,False
XGBoost_early,0.27999999999999997,0.9926973047482183,0.9934402653243913,0.9930686460755335,False
XGBoost_early,0.285,0.9928275983455074,0.9933375401728718,0.9930825037961869,True
XGBoost_early,0.29,0.9928559902595021,0.9932348150213521,0.9930453665121193,False
XGBoost_early,0.295,0.9929278849680875,0.9931027398265413,0.9930153046999955,False
XGBoost_early,0.3,0.9930577978689054,0.9929266395667934,0.9929922143868738,False
XGBoost_early,0.30499999999999994,0.9931444509688785,0.9928092393936281,0.9929768168908655,False
XGBoost_early,0.30999999999999994,0.9932893790105872,0.9926771641988172,0.9929831772408326,False
XGBoost_early,0.31499999999999995,0.9933613371324501,0.9925304139823606,0.9929457017228344,False
XGBoost_early,0.31999999999999995,0.9934474399471094,0.9923102886576758,0.9928785387055092,False
XGBoost_early,0.32499999999999996,0.9935631778502777,0.9921488634195735,0.9928555169653936,False
XGBoost_early,0.32999999999999996,0.993635909344778,0.9921048383546366,0.9928697835968306,False
XGBoost_early,0.33499999999999996,0.9938392318889592,0.991914063073243,0.9928757142647296,False
XGBoost_early,0.33999999999999997,0.993985294117647,0.9918993880515974,0.9929412456020508,False
XGBoost_early,0.3449999999999999,0.9941159164460135,0.9917379628134951,0.9929255158937138,False
XGBoost_early,0.3499999999999999,0.9941883561139965,0.9916205626403299,0.9929027992065241,False
XGBoost_early,0.3549999999999999,0.9943050548156869,0.9915618625537472,0.9929315640200443,False
XGBoost_early,0.35999999999999993,0.994392523364486,0.9915031624671646,0.9929457409911234,False
XGBoost_early,0.36499999999999994,0.9945233713654766,0.9913417372290624,0.9929300055854425,False
XGBoost_early,0.36999999999999994,0.9946253184314765,0.9912390120775428,0.992929278080762,False
XGBoost_early,0.37499999999999994,0.9947128129602356,0.9911656369693145,0.9929360569819836,False
XGBoost_early,0.37999999999999995,0.9948294148842143,0.9910482367961493,0.9929352260948194,False
XGBoost_early,0.38499999999999995,0.9949317106949744,0.9909895367095667,0.9929567109751793,False
XGBoost_early,0.38999999999999996,0.9950775942110149,0.9908427864931101,0.9929556751669166,False
XGBoost_early,0.39499999999999996,0.9951946463053316,0.9907840864065275,0.9929844687610307,False
XGBoost_early,0.3999999999999999,0.9953407448910383,0.9906520112117165,0.992990843231714,False
XGBoost_early,0.4049999999999999,0.9954724438479803,0.9905639610818426,0.9930121368150056,False
XGBoost_early,0.4099999999999999,0.995545591315378,0.9905052609952599,0.9930190303146218,False
XGBoost_early,0.4149999999999999,0.9957214517556802,0.990417210865386,0.9930622484789182,False
XGBoost_early,0.41999999999999993,0.9957503947116023,0.9903144857138664,0.9930250011036391,False
XGBoost_early,0.42499999999999993,0.9958231864807026,0.9901530604757642,0.9929800291395017,False
XGBoost_early,0.42999999999999994,0.9959843507787702,0.9900209852809533,0.9929937149501759,False
XGBoost_early,0.43499999999999994,0.9960722354296178,0.9899329351510794,0.9929930961388427,False
XGBoost_early,0.43999999999999995,0.9961308425016614,0.9898742350644967,0.9929926835372227,False
XGBoost_early,0.44499999999999995,0.9962628694663141,0.9897715099129771,0.9930065811751888,False
XGBoost_early,0.4499999999999999,0.996365677815861,0.9897128098263945,0.9930281010962152,False
XGBoost_early,0.4549999999999999,0.9964387043385743,0.9895513845882923,0.9929831020137687,False
XGBoost_early,0.4599999999999999,0.99651197162282,0.9894486594367726,0.9929677547624132,False
XGBoost_early,0.4649999999999999,0.9965707359614503,0.9894046343718357,0.9929747562520251,False
XGBoost_early,0.4699999999999999,0.9966588805771562,0.9893312592636074,0.9929815517177891,False
XGBoost_early,0.4749999999999999,0.996732364378336,0.9892725591770248,0.9929884515672873,False
XGBoost_early,0.4799999999999999,0.9968205613557718,0.9891991840687965,0.992995249143741,False
XGBoost_early,0.48499999999999993,0.9969086955878655,0.9890964589172769,0.9929872119747776,False
XGBoost_early,0.48999999999999994,0.997041113724794,0.9889937337657573,0.9930011198208286,False
XGBoost_early,0.49499999999999994,0.997129243244843,0.9888616585709464,0.9929782421290736,False
XGBoost_early,0.49999999999999994,0.9972027765033227,0.9887736084410724,0.9929703043253998,False
XGBoost_early,0.5049999999999999,0.9972910961438828,0.9886855583111985,0.9929696826777108,False
XGBoost_early,0.5099999999999999,0.9973794859647045,0.9886121832029702,0.992976482640194,False
XGBoost_early,0.5149999999999999,0.9974678670852337,0.9885241330730963,0.9929758614335729,False
XGBoost_early,0.5199999999999999,0.9975267686566059,0.988450757964868,0.9929680244128963,False
XGBoost_early,0.5249999999999999,0.9976004976745564,0.9883920578782853,0.9929749294175753,False
XGBoost_early,0.5299999999999999,0.9976446538085504,0.9883186827700571,0.9929597711741333,False
XGBoost_early,0.5349999999999999,0.997659189901923,0.9882159576185375,0.9929151215340495,False
XGBoost_early,0.5399999999999999,0.9977329302987198,0.9881425825103092,0.9929145991698063,False
XGBoost_early,0.5449999999999999,0.9977771191464138,0.9880692074020809,0.9928994344617064,False
XGBoost_early,0.5499999999999999,0.9979248806806391,0.9880105073154983,0.9929429462646284,False
XGBoost_early,0.5549999999999999,0.9979839307420914,0.9879518072289156,0.9929425299223457,False
XGBoost_early,0.5599999999999999,0.9980282859430131,0.98793713220727,0.9929570713216369,False
XGBoost_early,0.565,0.9980576190264372,0.9878050570124591,0.9929048721844438,False
XGBoost_early,0.57,0.9981610286375299,0.9877023318609395,0.9929041394978314,False
XGBoost_early,0.575,0.9982497515537163,0.9876436317743569,0.9929183694545669,False
XGBoost_early,0.58,0.9983089064261556,0.9875996067094199,0.9929253808417248,False
XGBoost_early,0.585,0.9983088311649779,0.9875555816444829,0.9929030925401322,False
XGBoost_early,0.59,0.9983680009495267,0.9875115565795459,0.9929101036556125,False
XGBoost_early,0.595,0.9984566756199267,0.9873794813847351,0.9928871836493766,False
XGBoost_early,0.6,0.9984861527501558,0.9872767562332154,0.9928498166335845,False
XGBoost_early,0.605,0.9985453681851242,0.9872327311682785,0.9928568266009417,False
XGBoost_early,0.61,0.9985749910936943,0.9872180561466328,0.9928640479370678,False
XGBoost_early,0.615,0.9986045337806743,0.9871446810384046,0.9928415397331444,False
XGBoost_early,0.62,0.998648909476935,0.9870713059301762,0.9928263564976088,False
XGBoost_early,0.625,0.9986785252936198,0.9870419558868849,0.9928261447170312,False
XGBoost_early,0.63,0.9987081062619723,0.9869832558003023,0.9928110653499255,False
XGBoost_early,0.635,0.9987524875991327,0.9868952056704283,0.9927884437948877,False
XGBoost_early,0.6399999999999999,0.9988414063544405,0.9868218305622001,0.9927952401340557,False
XGBoost_early,0.6449999999999999,0.9988709797222016,0.9867337804323262,0.9927652851806464,False
XGBoost_early,0.6499999999999999,0.998900609121973,0.9866897553673891,0.9927576354898009,False
XGBoost_early,0.6549999999999999,0.998915417415722,0.9866604053240978,0.992750092284976,False
XGBoost_early,0.6599999999999999,0.9989152884886848,0.9865430051509326,0.992690598189631,False
XGBoost_early,0.6649999999999999,0.9989746485570778,0.986528330129287,0.992712478864712,False
XGBoost_early,0.6699999999999999,0.9989744809238589,0.9863669048911847,0.99263066176362,False
XGBoost_early,0.6749999999999999,0.9990189520624303,0.9862935297829565,0.9926154573247279,False
XGBoost_early,0.6799999999999999,0.999033744611268,0.9862348296963738,0.9925930302112795,False
XGBoost_early,0.6849999999999999,0.9991228461412663,0.9862201546747281,0.9926295732833109,False
XGBoost_early,0.69,0.9991822412536985,0.9861908046314368,0.9926440177252585,False
XGBoost_early,0.695,0.9991821804555998,0.9861174295232086,0.9926068170907345,False
XGBoost_early,0.7,0.9992267083054502,0.9860587294366259,0.9925990486601471,False
XGBoost_early,0.705,0.999226662304249,0.9860000293500433,0.9925692844058382,False
XGBoost_early,0.71,0.999271202070381,0.9859413292634607,0.9925615134033108,False
XGBoost_early,0.715,0.9992860330209727,0.9858973041985237,0.9925465196161716,False
XGBoost_early,0.72,0.9993305962156372,0.9858532791335867,0.9925461892484875,False
XGBoost_early,0.725,0.9993453939538205,0.9857505539820671,0.9925014221440761,False
XGBoost_early,0.73,0.9993602142538313,0.9856771788738389,0.992471537387424,False
XGBoost_early,0.735,0.9994196860352652,0.9856625038521932,0.9924934243579514,False
XGBoost_early,0.74,0.9994940400898823,0.9856478288305476,0.9925226463329935,False
XGBoost_early,0.7449999999999999,0.9995237740903341,0.9856184787872562,0.9925224253350869,False
XGBoost_early,0.7499999999999999,0.9995237457397568,0.9855597787006736,0.9924926478194689,False
XGBoost_early,0.7549999999999999,0.9995237173858038,0.985501078614091,0.9924628685435601,False
XGBoost_early,0.7599999999999999,0.9995683239059244,0.9854423785275084,0.992455088935362,False
XGBoost_early,0.7649999999999999,0.9995831782657238,0.9853836784409257,0.9924326401513472,False
XGBoost_early,0.7699999999999999,0.9996129224356112,0.9853396533759887,0.9924249702541514,False
XGBoost_early,0.7749999999999999,0.9996277823271049,0.9852809532894061,0.9924025186980814,False
XGBoost_early,0.7799999999999999,0.9996277657008428,0.9852369282244692,0.992380178116108,False
XGBoost_early,0.7849999999999999,0.9996277490730952,0.9851929031595321,0.9923578365434361,False
XGBoost_early,0.7899999999999999,0.999627732443862,0.9851488780945952,0.9923354939799999,False
XGBoost_early,0.7949999999999999,0.9996276936365396,0.9850461529430756,0.9922833574786388,False
XGBoost_early,0.7999999999999999,0.9996723411226784,0.9850021278781386,0.9922830152417841,False
XGBoost_early,0.8049999999999999,0.9996723264819779,0.9849581028132016,0.9922606683766623,False
XGBoost_early,0.8099999999999999,0.999672316720784,0.9849287527699103,0.9922457699159527,False
XGBoost_early,0.815,0.999702061732809,0.9848113525967451,0.992200841274183,False
XGBoost_early,0.82,0.9997020572943823,0.9847966775750995,0.9921933909957862,False
XGBoost_early,0.825,0.9997169291279927,0.9847233024668711,0.992163472912231,False
XGBoost_early,0.83,0.9997169249106078,0.9847086274452255,0.9921560219720101,False
XGBoost_early,0.835,0.9997466958711427,0.9846352523369972,0.9921334358549713,False
XGBoost_early,0.84,0.9997615783513143,0.9845765522504145,0.9921109640594155,False
XGBoost_early,0.845,0.9997913624035051,0.9845178521638319,0.9920958260933861,False
XGBoost_early,0.8499999999999999,0.9998211597788342,0.9845031771421863,0.9921030449120836,False
XGBoost_early,0.8549999999999999,0.9998360558006438,0.984473827098895,0.992095475417594,False
XGBoost_early,0.8599999999999999,0.9998509553760396,0.9844591520772493,0.9920953585187485,False
XGBoost_early,0.8649999999999999,0.9998509531545765,0.9844444770556037,0.9920879055872697,False
XGBoost_early,0.8699999999999999,0.9998509464897898,0.9844004519906667,0.9920655461314916,False
XGBoost_early,0.8749999999999999,0.9998509420462676,0.9843711019473754,0.9920506392764973,False
XGBoost_early,0.8799999999999999,0.9998807500819843,0.9843711019473754,0.9920653114346775,False
XGBoost_early,0.8849999999999999,0.99988074830439,0.9843564269257297,0.9920578578400923,False
XGBoost_early,0.8899999999999999,0.9998807429712888,0.9843124018607927,0.9920354963948974,False
XGBoost_early,0.8949999999999999,0.9998956469886703,0.9842977268391471,0.9920353785968363,False
XGBoost_early,0.8999999999999999,0.9998956438772773,0.9842683767958558,0.9920204701932392,False
XGBoost_early,0.9049999999999999,0.9998956407656986,0.9842390267525645,0.992005561348627,False
XGBoost_early,0.9099999999999999,0.9999403625954199,0.9842243517309188,0.9920201161113782,False
XGBoost_early,0.9149999999999999,0.9999552706127927,0.9842096767092732,0.992019998077108,False
XGBoost_early,0.9199999999999999,0.999955268611985,0.9841656516443362,0.9919976333111457,False
XGBoost_early,0.9249999999999999,0.9999552679450094,0.9841509766226905,0.991990178168613,False
XGBoost_early,0.9299999999999999,0.9999701781853426,0.9841509766226905,0.9919975149399444,False
XGBoost_early,0.9349999999999999,0.9999701777406657,0.9841363016010448,0.9919900596862589,False
XGBoost_early,0.94,0.9999701777406657,0.9841363016010448,0.9919900596862589,False
XGBoost_early,0.945,0.9999850868689881,0.9840189014278796,0.9919377505584402,False
XGBoost_early,0.95,0.9999850859793291,0.983960201341297,0.9919079249079101,False
LightGBM_early,0.05,0.9800189884343172,0.9997651996536695,0.9897936204679679,False
LightGBM_early,0.055,0.9801867652771983,0.9996918245454413,0.9898432164600921,False
LightGBM_early,0.06,0.9806233354926942,0.9996477994805042,0.9900441834777047,False
LightGBM_early,0.065,0.9808470500136807,0.999530399307339,0.99010059309222,False
LightGBM_early,0.07,0.9814950927407151,0.9994129991341737,0.9903730095251945,False
LightGBM_early,0.075,0.9819443042355893,0.9992075488311345,0.9905007128102179,False
LightGBM_early,0.08,0.9822108725761773,0.999060798614678,0.9905641846422466,False
LightGBM_early,0.08499999999999999,0.9826914193324864,0.998972748484804,0.9907652003056435,False
LightGBM_early,0.09,0.9830721455911028,0.9988259982683474,0.9908864592583966,False
LightGBM_early,0.095,0.9833398355657664,0.9986939230735365,0.9909574080815435,False
LightGBM_early,0.09999999999999999,0.9836937666242628,0.9986058729436625,0.9910937306563549,False
LightGBM_early,0.105,0.9838910258264164,0.9984884727704973,0.991136004428356,False
LightGBM_early,0.10999999999999999,0.9843022078185133,0.9983857476189777,0.9912939582255703,False
LightGBM_early,0.11499999999999999,0.9847124905900747,0.9981949723375843,0.9914078954080703,False
LightGBM_early,0.12,0.9849101414855256,0.9980628971427733,0.9914428992098895,False
LightGBM_early,0.12499999999999999,0.9852642865422511,0.9978867968830254,0.9915353713573298,False
LightGBM_early,0.13,0.9854053740688136,0.9977693967098602,0.9915488438905944,False
LightGBM_early,0.135,0.9858742313493445,0.9975786214284666,0.9916918924833145,False
LightGBM_early,0.13999999999999999,0.9860581177733609,0.99743187121201,0.9917123847321115,False
LightGBM_early,0.145,0.9863995935844401,0.9972851209955534,0.9918124899662867,False
LightGBM_early,0.14999999999999997,0.9866695708995862,0.9971236957574512,0.9918690879364709,False
LightGBM_early,0.15499999999999997,0.9868688629364941,0.9970209706059316,0.9919189412133999,False
LightGBM_early,0.15999999999999998,0.9870969616832072,0.9969182454544121,0.9919832948804065,False
LightGBM_early,0.16499999999999998,0.987253462785053,0.9968155203028924,0.9920114497685218,False
LightGBM_early,0.16999999999999998,0.9875094515209678,0.9966247450214989,0.9920461600262936,False
LightGBM_early,0.175,0.98770926968335,0.9965220198699793,0.9920960743348869,False
LightGBM_early,0.18,0.9879235839310917,0.9964192947184597,0.9921532526740312,False
LightGBM_early,0.185,0.9881950509461427,0.9962725445020031,0.9922173585788093,False
LightGBM_early,0.19,0.9883512675277022,0.9960964442422553,0.9922087414120743,False
LightGBM_early,0.195,0.9885087604316861,0.9960230691340269,0.9922516885471185,False
LightGBM_early,0.19999999999999996,0.9886085537816105,0.995935019004153,0.9922582626049959,False
LightGBM_early,0.20499999999999996,0.9887221331779106,0.9957882687876964,0.9922426209851359,False
LightGBM_early,0.20999999999999996,0.988835934881145,0.9956561935928856,0.9922343443797713,False
LightGBM_early,0.21499999999999997,0.9889919225497915,0.995421393246555,0.9921962422017275,False
LightGBM_early,0.21999999999999997,0.9891927368190768,0.9953186680950354,0.992246247476373,False
LightGBM_early,0.22499999999999998,0.9894076451707032,0.9951719178785788,0.9922814102704799,False
LightGBM_early,0.22999999999999998,0.989594886463137,0.9951278928136419,0.9923536771861532,False
LightGBM_early,0.235,0.9897524232161625,0.9949958176188309,0.9923671943035706,False
LightGBM_early,0.24,0.9899383743684103,0.9948050423374375,0.9923657417234539,False
LightGBM_early,0.245,0.9900961173274124,0.9946729671426265,0.992379265159113,False
LightGBM_early,0.24999999999999994,0.9903407762450316,0.9945408919478156,0.9924363902617609,False
LightGBM_early,0.25499999999999995,0.9905421801224985,0.9944088167530047,0.9924717323803386,False
LightGBM_early,0.25999999999999995,0.9907733699864013,0.994350116666422,0.9925585210793074,False
LightGBM_early,0.26499999999999996,0.99096081557431,0.9942473915149025,0.9926013830285982,False
LightGBM_early,0.26999999999999996,0.9911631309436723,0.9941740164066742,0.992666290579004,False
LightGBM_early,0.27499999999999997,0.9913210198167608,0.9939832411252807,0.9926503454997105,False
LightGBM_early,0.27999999999999997,0.9914651285354571,0.9938658409521154,0.9926640332427025,False
LightGBM_early,0.285,0.9916389673905085,0.9938218158871784,0.9927291917089331,False
LightGBM_early,0.29,0.9918563435568445,0.9937631158005958,0.992808814150729,False
LightGBM_early,0.295,0.992204100174382,0.9936310406057849,0.9929170577193805,False
LightGBM_early,0.3,0.9924788881069669,0.9934255903027457,0.9929520135532559,False
LightGBM_early,0.30499999999999994,0.9926955909530933,0.9932054649780608,0.9929504625112785,False
LightGBM_early,0.30999999999999994,0.9928981232850582,0.9930146896966673,0.9929564030698343,False
LightGBM_early,0.31499999999999995,0.9930433251144769,0.992941314588439,0.9929923172315617,False
LightGBM_early,0.31999999999999995,0.993158327460653,0.9927065142421085,0.9929323694543319,False
LightGBM_early,0.32499999999999996,0.9932742011278195,0.9925891140689432,0.9929315394270363,False
LightGBM_early,0.32999999999999996,0.9936086745713404,0.9924130138091953,0.9930104842735896,False
LightGBM_early,0.33499999999999996,0.9937389770723104,0.9922369135494474,0.9929873772791024,False
LightGBM_early,0.33999999999999997,0.9938984047636551,0.9920314632464083,0.9929640564638141,False
LightGBM_early,0.3449999999999999,0.9940878005735716,0.9919287380948887,0.9930070957410863,False
LightGBM_early,0.3499999999999999,0.9942768868618508,0.9917526378351408,0.9930131581847436,False
LightGBM_early,0.3549999999999999,0.9944078995776493,0.9916352376619756,0.993019633200094,False
LightGBM_early,0.35999999999999993,0.994508972603748,0.9913857622939993,0.9929449115174319,False
LightGBM_early,0.36499999999999994,0.9947863738788495,0.9912243370558972,0.9930021610973082,False
LightGBM_early,0.36999999999999994,0.9948884142299477,0.9911216119043775,0.9930014408798189,False
LightGBM_early,0.37499999999999994,0.9950196708267641,0.9909895367095667,0.9930005146680391,False
LightGBM_early,0.37999999999999995,0.9951806163505328,0.9909161616013383,0.993043810756357,False
LightGBM_early,0.38499999999999995,0.995312292701623,0.9908427864931101,0.9930725106633328,False
LightGBM_early,0.38999999999999996,0.9953707798909037,0.9907987614281731,0.993079508431821,True
LightGBM_early,0.39499999999999996,0.9954727776794667,0.9906373361900709,0.9930491706814755,False
LightGBM_early,0.3999999999999999,0.99561901671264,0.9905052609952599,0.9930555555555556,False
LightGBM_early,0.4049999999999999,0.9957799681284306,0.9903585107788034,0.9930618401206637,False
LightGBM_early,0.4099999999999999,0.9959259587281906,0.9901237104324729,0.9930163589400173,False
LightGBM_early,0.4149999999999999,0.9959990551274102,0.9900209852809533,0.9930010229840223,False
LightGBM_early,0.41999999999999993,0.996145268723508,0.9898008599562684,0.9929629302476224,False
LightGBM_early,0.42499999999999993,0.9962921381510916,0.9897274848480402,0.9929989619912101,False
LightGBM_early,0.42999999999999994,0.996497450676125,0.9895073595233553,0.9929901036757776,False
LightGBM_early,0.43499999999999994,0.9966441960853882,0.9893459342852531,0.9929816550921664,False
LightGBM_early,0.43999999999999995,0.996702793015244,0.9892432091337334,0.9929589912797548,False
LightGBM_early,0.44499999999999995,0.9968058205048578,0.9891991840687965,0.9929879351236687,False
LightGBM_early,0.4499999999999999,0.9968794368196876,0.9891698340255052,0.9930096715503208,False
LightGBM_early,0.4549999999999999,0.9969674107605142,0.9890084087874029,0.9929719615152274,False
LightGBM_early,0.4599999999999999,0.9970999053030303,0.988920358657529,0.9929932879972297,False
LightGBM_early,0.4649999999999999,0.9972028592993829,0.9888029584843637,0.9929851450129686,False
LightGBM_early,0.4699999999999999,0.9972765352792291,0.9887589334194268,0.9929994694334728,False
LightGBM_early,0.4749999999999999,0.9973352677315727,0.9886415332462616,0.9929693718126344,False
LightGBM_early,0.4799999999999999,0.9973497186852236,0.9885241330730963,0.9929173146230552,False
LightGBM_early,0.48499999999999993,0.9974379479888632,0.9883773828566397,0.9928869953636478,False
LightGBM_early,0.48999999999999994,0.9975852567331338,0.9882012825968919,0.9928710973496996,False
LightGBM_early,0.49499999999999994,0.9976737294413988,0.9881132324670179,0.9928704666268533,False
LightGBM_early,0.49999999999999994,0.9977768226349099,0.98793713220727,0.9928325984042945,False
LightGBM_early,0.5049999999999999,0.9978504506641366,0.9877903819908135,0.9927949321160185,False
LightGBM_early,0.5099999999999999,0.9979390308997094,0.9877023318609395,0.9927942944382574,False
LightGBM_early,0.5149999999999999,0.998042356291155,0.9875702566661286,0.9927786916080873,False
LightGBM_early,0.5199999999999999,0.9981752366258196,0.9873794813847351,0.9927480099447432,False
LightGBM_early,0.5249999999999999,0.9982194524816381,0.9872620812115698,0.992710531363898,False
LightGBM_early,0.5299999999999999,0.9982782675809659,0.9870126058435936,0.9926134728484249,False
LightGBM_early,0.5349999999999999,0.9982929327415501,0.9869245557137197,0.9925761936388459,False
LightGBM_early,0.5399999999999999,0.9983520154405761,0.9868071555405544,0.9925460154393423,False
LightGBM_early,0.5449999999999999,0.9983815166228637,0.9867191054106805,0.9925160528452285,False
LightGBM_early,0.5499999999999999,0.9984703576095996,0.9866457303024522,0.9925228264159021,False
LightGBM_early,0.5549999999999999,0.9984850960181788,0.9865870302158696,0.9925004059819597,False
LightGBM_early,0.5599999999999999,0.9985739962270317,0.986528330129287,0.9925146164294573,False
LightGBM_early,0.565,0.9986331897192097,0.9864256049777673,0.99249186064539,False
LightGBM_early,0.57,0.9986479860935712,0.986396254934476,0.992484311554079,False
LightGBM_early,0.575,0.9987518202621177,0.9863669048911847,0.9925207285829254,False
LightGBM_early,0.58,0.9987814482932846,0.9863228798262478,0.9925130689033935,False
LightGBM_early,0.585,0.9989149015235972,0.9861908046314368,0.9925120737272741,False
LightGBM_early,0.59,0.9989742827411923,0.9861761296097912,0.992533951688538,False
LightGBM_early,0.595,0.999018820800999,0.9861614545881455,0.992548501207453,False
LightGBM_early,0.6,0.999122689625433,0.9860440544149802,0.9925402898208192,False
LightGBM_early,0.605,0.9991523659399816,0.9860000293500433,0.9925326282046547,False
LightGBM_early,0.61,0.99919691854672,0.985970679306752,0.9925397388169946,False
LightGBM_early,0.615,0.9992414777797608,0.9859413292634607,0.992546849954572,False
LightGBM_early,0.62,0.9992711695497613,0.9858973041985237,0.9925391877317653,False
LightGBM_early,0.625,0.9992860011602481,0.9858532791335867,0.9925241929526483,False
LightGBM_early,0.63,0.9993305762994258,0.9858239290902954,0.9925313042514683,False
LightGBM_early,0.635,0.9993899898827591,0.9857358789604215,0.9925159765062244,False
LightGBM_early,0.6399999999999999,0.9993899444998289,0.9856625038521932,0.9924787587735501,False
LightGBM_early,0.6449999999999999,0.9994196342207473,0.9855744537223192,0.9924487594390508,False
LightGBM_early,0.6499999999999999,0.999434490148223,0.9855451036790279,0.9924412032008512,False
LightGBM_early,0.6549999999999999,0.9994641900339346,0.985457053549154,0.9924111992078681,False
LightGBM_early,0.6599999999999999,0.9994790581371119,0.9854423785275084,0.9924110870545116,False
LightGBM_early,0.6649999999999999,0.9994790193655945,0.98536900341928,0.992373858295646,False
LightGBM_early,0.6699999999999999,0.9995385119242564,0.9853249783543431,0.9923808538468929,False
LightGBM_early,0.6749999999999999,0.999568246784183,0.9852662782677605,0.9923657352321689,False
LightGBM_early,0.6799999999999999,0.9995979989279972,0.9852369282244692,0.9923655095449607,False
LightGBM_early,0.6849999999999999,0.9995979809710993,0.9851929031595321,0.9923431679772956,False
LightGBM_early,0.69,0.9995979570260732,0.9851342030729495,0.9923133776792313,False
LightGBM_early,0.695,0.9996128129141785,0.9850608279647213,0.9922834715508448,False
LightGBM_early,0.7,0.9996574424354353,0.9849727778348473,0.9922607827918838,False
LightGBM_early,0.705,0.9996871881191068,0.9848700526833277,0.9922233064253821,False
LightGBM_early,0.71,0.9997020484171322,0.9847673275318081,0.9921784901085253,False
LightGBM_early,0.715,0.9997169249106078,0.9847086274452255,0.9921560219720101,False
LightGBM_early,0.72,0.9997467071935157,0.9846792774019342,0.9921557900028833,False
LightGBM_early,0.725,0.9997764930265824,0.9846499273586429,0.9921555580200362,False
LightGBM_early,0.73,0.9997913841660582,0.9846205773153516,0.9921479904178866,False
LightGBM_early,0.735,0.9998211651093128,0.9845325271854776,0.9921179497796575,False
LightGBM_early,0.74,0.9998360606873529,0.9845031771421863,0.9921103807277379,False
LightGBM_early,0.7449999999999999,0.9998360582440348,0.9844885021205406,0.9921029281277729,False
LightGBM_early,0.7499999999999999,0.9998360558006438,0.984473827098895,0.992095475417594,False
LightGBM_early,0.7549999999999999,0.9998360533571801,0.9844591520772493,0.992088022597199,False
LightGBM_early,0.7599999999999999,0.9998360509136436,0.9844444770556037,0.9920805696665853,False
LightGBM_early,0.7649999999999999,0.9998360484700342,0.984429802033958,0.9920731166257506,False
LightGBM_early,0.7699999999999999,0.9998658498412556,0.9844004519906667,0.9920728821580691,False
LightGBM_early,0.7749999999999999,0.9998807536370141,0.9844004519906667,0.9920802182931429,False
LightGBM_early,0.7799999999999999,0.9998807500819843,0.9843711019473754,0.9920653114346775,False
LightGBM_early,0.7849999999999999,0.9998956547663412,0.9843711019473754,0.9920726476765167,False
LightGBM_early,0.7899999999999999,0.9999105585617817,0.9843564269257297,0.9920725304305386,False
LightGBM_early,0.7949999999999999,0.9999254621347644,0.9843270768824384,0.9920649593634219,False
LightGBM_early,0.7999999999999999,0.9999403679298727,0.9843124018607927,0.9920648419993936,False
LightGBM_early,0.8049999999999999,0.9999403643736768,0.9842537017742101,0.9920350251817449,False
LightGBM_early,0.8099999999999999,0.9999403634845616,0.9842390267525645,0.9920275707016921,False
LightGBM_early,0.815,0.999955268611985,0.9841656516443362,0.9919976333111457,False
LightGBM_early,0.82,0.999955268611985,0.9841656516443362,0.9919976333111457,False
LightGBM_early,0.825,0.9999701781853426,0.9841509766226905,0.9919975149399444,False
LightGBM_early,0.83,0.9999701772959754,0.9841216265793992,0.9919826043222933,False
LightGBM_early,0.835,0.9999701772959754,0.9841216265793992,0.9919826043222933,False
LightGBM_early,0.84,0.9999701772959754,0.9841216265793992,0.9919826043222933,False
LightGBM_early,0.845,0.9999701772959754,0.9841216265793992,0.9919826043222933,False
LightGBM_early,0.8499999999999999,0.999970176851272,0.9841069515577535,0.9919751488480456,False
LightGBM_early,0.8549999999999999,0.9999701764065553,0.9840922765361079,0.9919676932635129,False
LightGBM_early,0.8599999999999999,0.9999701746275557,0.9840335764495253,0.9919378698224852,False
LightGBM_early,0.8649999999999999,0.9999850870913863,0.9840335764495253,0.9919452066953158,False
LightGBM_early,0.8699999999999999,1.0,0.9840189014278796,0.9919450875389246,False
LightGBM_early,0.8749999999999999,1.0,0.9840189014278796,0.9919450875389246,False
LightGBM_early,0.8799999999999999,1.0,0.984004226406234,0.9919376312908665,False
LightGBM_early,0.8849999999999999,1.0,0.984004226406234,0.9919376312908665,False
LightGBM_early,0.8899999999999999,1.0,0.9839455263196514,0.9919078051955738,False
LightGBM_early,0.8949999999999999,1.0,0.9839455263196514,0.9919078051955738,False
LightGBM_early,0.8999999999999999,1.0,0.9839455263196514,0.9919078051955738,False
LightGBM_early,0.9049999999999999,1.0,0.98391617627636,0.9918928914860566,False
LightGBM_early,0.9099999999999999,1.0,0.9838868262330687,0.9918779773352664,False
LightGBM_early,0.9149999999999999,1.0,0.9838868262330687,0.9918779773352664,False
LightGBM_early,0.9199999999999999,1.0,0.9838868262330687,0.9918779773352664,False
LightGBM_early,0.9249999999999999,1.0,0.9838134511248404,0.9918406900275922,False
LightGBM_early,0.9299999999999999,1.0,0.9838134511248404,0.9918406900275922,False
LightGBM_early,0.9349999999999999,1.0,0.9838134511248404,0.9918406900275922,False
LightGBM_early,0.94,1.0,0.9838134511248404,0.9918406900275922,False
LightGBM_early,0.945,1.0,0.9838134511248404,0.9918406900275922,False
LightGBM_early,0.95,1.0,0.9838134511248404,0.9918406900275922,False
CatBoost_early,0.05,0.9801574168669152,0.9996331244588585,0.9897994768962511,False
CatBoost_early,0.055,0.9804525564256104,0.999574424372276,0.989921156850634,False
CatBoost_early,0.06,0.9808323732718894,0.9995010492640477,0.990078716120451,False
CatBoost_early,0.065,0.98112718261972,0.999398324112528,0.9901784740649194,False
CatBoost_early,0.07,0.9813501671855183,0.9992222238527801,0.9902055596355624,False
CatBoost_early,0.075,0.9815605086358525,0.9991194987012606,0.9902621722846442,False
CatBoost_early,0.08,0.9818997346255913,0.9990901486579693,0.9904203551087802,False
CatBoost_early,0.08499999999999999,0.9822786636842485,0.9988846983549301,0.990512085449439,False
CatBoost_early,0.09,0.9824890646879647,0.9987526231601191,0.9905540920139142,False
CatBoost_early,0.095,0.9827847662512096,0.9986205479653083,0.9906393757642812,False
CatBoost_early,0.09999999999999999,0.9829661200606805,0.9984297726839148,0.9906376039255085,False
CatBoost_early,0.105,0.9832914173387679,0.9983417225540407,0.9907594171660756,False
CatBoost_early,0.10999999999999999,0.9835738453974956,0.9982243223808756,0.9908449319378592,False
CatBoost_early,0.11499999999999999,0.9839554398148148,0.9980628971427733,0.990958961992671,False
CatBoost_early,0.12,0.9842533360349669,0.997989522034545,0.9910738357731516,False
CatBoost_early,0.12499999999999999,0.9846218450889819,0.9978574468397341,0.9911954636229793,False
CatBoost_early,0.13,0.9848195144562257,0.9977253716449231,0.9912304361454741,False
CatBoost_early,0.135,0.9851602805634456,0.997607971471758,0.9913450531181871,False
CatBoost_early,0.13999999999999999,0.9855583104963244,0.997475896276947,0.9914812923929691,False
CatBoost_early,0.145,0.985870337864303,0.9972997960171991,0.9915521316641863,False
CatBoost_early,0.14999999999999997,0.9861113126768739,0.997138370779097,0.9915941859786352,False
CatBoost_early,0.15499999999999997,0.9863946565993902,0.9969182454544121,0.9916285315991913,False
CatBoost_early,0.15999999999999998,0.9867941249110165,0.9967861702596011,0.9917649807265506,False
CatBoost_early,0.16499999999999998,0.987292817679558,0.9965220198699793,0.991885950497725,False
CatBoost_early,0.16999999999999998,0.9875641790176428,0.996404619696814,0.9919647031323048,False
CatBoost_early,0.175,0.9877919243361222,0.9962285194370661,0.9919922845369261,False
CatBoost_early,0.18,0.9879916159646007,0.9960964442422553,0.9920274763418466,False
CatBoost_early,0.185,0.9881921290566807,0.9960230691340269,0.9920921462295178,False
CatBoost_early,0.19,0.9885069191551348,0.9958616438959248,0.9921706520070471,False
CatBoost_early,0.195,0.9886789153905555,0.9957882687876964,0.9922208574603731,False
CatBoost_early,0.19999999999999996,0.989008906575706,0.9956561935928856,0.9923214181243784,False
CatBoost_early,0.20499999999999996,0.9893530132431013,0.995465418311492,0.9923998039602946,False
CatBoost_early,0.20999999999999996,0.989524059645744,0.9952599680084528,0.9923837256092654,False
CatBoost_early,0.21499999999999997,0.989667401234658,0.9951572428569332,0.9924047298483872,False
CatBoost_early,0.21999999999999997,0.9897530215449291,0.9950545177054136,0.9923966893765871,False
CatBoost_early,0.22499999999999998,0.9899112305086726,0.9949811425971853,0.992439711640502,False
CatBoost_early,0.22999999999999998,0.9900100775533454,0.9947463422508548,0.9923725587796094,False
CatBoost_early,0.235,0.9901246110469958,0.9946289420776896,0.9923716653489121,False
CatBoost_early,0.24,0.990282182051994,0.9944675168395873,0.9923704365398978,False
CatBoost_early,0.245,0.9904111791618552,0.9943354416447764,0.9923694308562055,False
CatBoost_early,0.24999999999999994,0.9904821778414573,0.9941886914283199,0.9923319735464073,False
CatBoost_early,0.25499999999999995,0.9906406750413126,0.9941006412984459,0.9923676423192992,False
CatBoost_early,0.25999999999999995,0.9907415533128565,0.9940419412118633,0.9923890032451121,False
CatBoost_early,0.26499999999999996,0.9908855500124355,0.9939392160603437,0.9924100339936701,False
CatBoost_early,0.26999999999999996,0.9910300121453343,0.993880515973761,0.9924532172740728,False
CatBoost_early,0.27499999999999997,0.9911308853015646,0.9938071408655328,0.9924672089103832,False
CatBoost_early,0.27999999999999997,0.9913186057065894,0.9937044157140131,0.9925100769512643,False
CatBoost_early,0.285,0.9914338429098577,0.9936016905624936,0.9925165829882362,False
CatBoost_early,0.29,0.9915343605366453,0.9934696153676826,0.9925010445759022,False
CatBoost_early,0.295,0.9917216117216118,0.9932788400862891,0.9924996150828855,False
CatBoost_early,0.3,0.9918079634216042,0.9931761149347695,0.9924915676785453,False
CatBoost_early,0.30499999999999994,0.9919379663153575,0.9930733897832499,0.9925053533190579,False
CatBoost_early,0.30999999999999994,0.9920972376986688,0.992985339653376,0.9925410900129816,False
CatBoost_early,0.31499999999999995,0.9921547350206763,0.9928972895235021,0.9925258733872683,False
CatBoost_early,0.31999999999999995,0.9923282285982514,0.9927505393070455,0.9925393390309211,False
CatBoost_early,0.32499999999999996,0.9924584776101883,0.9926478141555258,0.9925531368535352,True
CatBoost_early,0.32999999999999996,0.9925450890040063,0.9925450890040063,0.9925450890040063,False
CatBoost_early,0.33499999999999996,0.992645655652276,0.9923543137226127,0.9924999633070611,False
CatBoost_early,0.33999999999999997,0.9926881909879751,0.9921928884845105,0.9924404779379385,False
CatBoost_early,0.3449999999999999,0.9928772836750279,0.9921341883979279,0.9925055969464528,False
CatBoost_early,0.3499999999999999,0.9930074039252557,0.9919727631598256,0.9924898138971479,False
CatBoost_early,0.3549999999999999,0.9930654521413355,0.9919287380948887,0.9924967696464231,False
CatBoost_early,0.35999999999999993,0.9931668895387283,0.9918260129433691,0.9924959983552873,False
CatBoost_early,0.36499999999999994,0.9933260812042455,0.9916205626403299,0.9924725892089976,False
CatBoost_early,0.36999999999999994,0.9933984179727703,0.9915178374888103,0.9924572368662646,False
CatBoost_early,0.37499999999999994,0.9935141336000235,0.9913417372290624,0.9924267465861595,False
CatBoost_early,0.37999999999999995,0.9935573076017886,0.9912390120775428,0.9923968059238799,False
CatBoost_early,0.38499999999999995,0.9936734003266291,0.9911069368827319,0.9923885092939534,False
CatBoost_early,0.38999999999999996,0.9937895511405446,0.990974861687921,0.9923802105912869,False
CatBoost_early,0.39499999999999996,0.993817983779567,0.9908427864931101,0.9923281550829647,False
CatBoost_early,0.3999999999999999,0.9939049525940757,0.9907107112982991,0.9923052613785855,False
CatBoost_early,0.4049999999999999,0.9939336827846162,0.9906226611684252,0.9922754099324558,False
CatBoost_early,0.4099999999999999,0.994064975994816,0.990549286060197,0.9923040170531809,False
CatBoost_early,0.4149999999999999,0.9941957248714662,0.9903731858004491,0.9922807739810622,False
CatBoost_early,0.41999999999999993,0.9944149720011789,0.9902851356705751,0.992345757078888,False
CatBoost_early,0.42499999999999993,0.9945024171677869,0.9901970855407012,0.9923450816598157,False
CatBoost_early,0.42999999999999994,0.9946043960903985,0.9900796853675359,0.9923368829793493,False
CatBoost_early,0.43499999999999994,0.9946621840809224,0.9899182601294337,0.9922845521877597,False
CatBoost_early,0.43999999999999995,0.9947641662487833,0.9897861849346228,0.9922689322887933,False
CatBoost_early,0.44499999999999995,0.9948812509219649,0.9897274848480402,0.9922976760610006,False
CatBoost_early,0.4499999999999999,0.9950422734717366,0.9896394347181662,0.9923335001030048,False
CatBoost_early,0.4549999999999999,0.9951154725890947,0.9895954096532292,0.9923477646643317,False
CatBoost_early,0.4599999999999999,0.995129726379173,0.9895073595233553,0.9923105790244369,False
CatBoost_early,0.4649999999999999,0.9952174298113542,0.9894193093934813,0.9923098999919051,False
CatBoost_early,0.4699999999999999,0.9953050256894821,0.9893019092203161,0.992294388224471,False
CatBoost_early,0.4749999999999999,0.9953340027169099,0.9892138590904421,0.9922644939536458,False
CatBoost_early,0.4799999999999999,0.995421786389414,0.9891258089605682,0.992263810680505,False
CatBoost_early,0.48499999999999993,0.9955393409450098,0.9891111339389226,0.9923148270836094,False
CatBoost_early,0.48999999999999994,0.9956417681125163,0.9889937337657573,0.9923066163099734,False
CatBoost_early,0.49499999999999994,0.9956999734018973,0.9888469835493008,0.9922616461856764,False
CatBoost_early,0.49999999999999994,0.995802231911906,0.9886708832895529,0.9922237440904873,False
CatBoost_early,0.5049999999999999,0.9958752827427152,0.9885388080947419,0.9921934837683379,False
CatBoost_early,0.5099999999999999,0.9959486034510802,0.9884654329865137,0.9921929088043366,False
CatBoost_early,0.5149999999999999,0.9961395101171459,0.9883186827700571,0.9922136853503841,False
CatBoost_early,0.5199999999999999,0.9962716378162451,0.9881866075752461,0.9922126527815638,False
CatBoost_early,0.5249999999999999,0.9963743451623406,0.9880545323804353,0.9921969981652998,False
CatBoost_early,0.5299999999999999,0.9964473917934751,0.9878637570990417,0.9921370091157635,False
CatBoost_early,0.5349999999999999,0.9965652527944333,0.9878197320341048,0.992173220918578,False
CatBoost_early,0.5399999999999999,0.9966533392566267,0.9876876568392938,0.9921502436004216,False
CatBoost_early,0.5449999999999999,0.9967565165876777,0.9876436317743569,0.9921791498050316,False
CatBoost_early,0.5499999999999999,0.9968595849319329,0.9875555816444829,0.992185772207888,False
CatBoost_early,0.5549999999999999,0.9969626479783089,0.9874528564929633,0.9921849656433396,False
CatBoost_early,0.5599999999999999,0.9970806164789567,0.9873794813847351,0.9922063366833059,False
CatBoost_early,0.565,0.9971838083803933,0.9872914312548611,0.9922129636457488,False
CatBoost_early,0.57,0.997257471537002,0.9872033811249872,0.9922049572636966,False
CatBoost_early,0.575,0.9973016649616747,0.9871446810384046,0.992197179774618,False
CatBoost_early,0.58,0.9974049469126283,0.9870566309085306,0.9922038073742984,False
CatBoost_early,0.585,0.9974787548014891,0.986997930821948,0.9922106660765656,False
CatBoost_early,0.59,0.9974932510605476,0.9868805306487827,0.9921585116663347,False
CatBoost_early,0.595,0.997537530410016,0.9868365055838457,0.9921581645826417,False
CatBoost_early,0.6,0.9975817100129074,0.9867484554539718,0.9921355111917726,False
CatBoost_early,0.605,0.9976704157640146,0.9867044303890348,0.9921571231471848,False
CatBoost_early,0.61,0.99774433858665,0.9866604053240978,0.9921714171874654,False
CatBoost_early,0.615,0.9978034047226798,0.9865870302158696,0.9921635182998819,False
CatBoost_early,0.62,0.9978773304833155,0.986528330129287,0.9921703773125429,False
CatBoost_early,0.625,0.9979364914416353,0.9864843050643499,0.9921773526980754,False
CatBoost_early,0.63,0.9980251533104667,0.9863669048911847,0.9921617831574286,False
CatBoost_early,0.635,0.9980695840696138,0.9863522298695391,0.9921763134198367,False
CatBoost_early,0.6399999999999999,0.9981434173003803,0.9862054796530825,0.9921385388754789,False
CatBoost_early,0.6449999999999999,0.9981581331788542,0.9861467795664999,0.9921161029335774,False
CatBoost_early,0.6499999999999999,0.9982025609792329,0.9861174295232086,0.9921231941296756,False
CatBoost_early,0.6549999999999999,0.9982321131447587,0.9860587294366259,0.9921080801742276,False
CatBoost_early,0.6599999999999999,0.9983210507547843,0.9860293793933346,0.9921371458947043,False
CatBoost_early,0.6649999999999999,0.9983358592612404,0.9860147043716889,0.99213702979069,False
CatBoost_early,0.6699999999999999,0.9984100095102235,0.9860000293500433,0.9921662150488412,False
CatBoost_early,0.6749999999999999,0.9984989001842934,0.9859119792201694,0.9921655209079431,False
CatBoost_early,0.6799999999999999,0.9985285155843576,0.9858679541552324,0.9921578473217055,False
CatBoost_early,0.6849999999999999,0.998572936332149,0.9857945790470041,0.9921426145007163,False
CatBoost_early,0.69,0.9986173059768064,0.9856771788738389,0.9921050493711365,False
CatBoost_early,0.695,0.9986914887289597,0.9856331538089018,0.9921193544813324,False
CatBoost_early,0.7,0.9986914303558417,0.9855891287439649,0.9920970219806192,False
CatBoost_early,0.705,0.9987061850304121,0.9855157536357366,0.9920671265862053,False
CatBoost_early,0.71,0.9987505206164098,0.9853396533759887,0.9919997636125906,False
CatBoost_early,0.715,0.9987653402751953,0.9853103033326974,0.9919921990426098,False
CatBoost_early,0.72,0.998854456461907,0.9852809532894061,0.9920212765957447,False
CatBoost_early,0.725,0.9988692495387729,0.9852222532028235,0.9919988179232389,False
CatBoost_early,0.73,0.9989732754002738,0.9852075781811778,0.9920426754933616,False
CatBoost_early,0.735,0.9990624023335765,0.9851342030729495,0.9920494177454632,False
CatBoost_early,0.74,0.9991366992140986,0.9850755029863669,0.9920562784957917,False
CatBoost_early,0.7449999999999999,0.9992258794456106,0.9850021278781386,0.9920630228502173,False
CatBoost_early,0.7499999999999999,0.9992258679211576,0.9849874528564929,0.9920555740309648,False
CatBoost_early,0.7549999999999999,0.9992704533611256,0.9849287527699103,0.9920477724894315,False
CatBoost_early,0.7599999999999999,0.9993447895881109,0.9848407026400364,0.9920397348056498,False
CatBoost_early,0.7649999999999999,0.9993596616630926,0.9848260276183908,0.9920396171329318,False
CatBoost_early,0.7699999999999999,0.999404283203765,0.9847820025534537,0.9920392640939026,False
CatBoost_early,0.7749999999999999,0.9994042477138007,0.9847233024668711,0.9920094615071885,False
CatBoost_early,0.7799999999999999,0.9994191155662133,0.9846939524235798,0.9920018923434012,False
CatBoost_early,0.7849999999999999,0.9994935275804026,0.9846499273586429,0.9920162041486169,False
CatBoost_early,0.7899999999999999,0.9995232845693174,0.9846059022937059,0.9920085163636901,False
CatBoost_early,0.7949999999999999,0.9995381406436233,0.9845325271854776,0.9919785898582761,False
CatBoost_early,0.7999999999999999,0.9995679122712915,0.9845031771421863,0.9919783526419683,False
CatBoost_early,0.8049999999999999,0.999582805632124,0.9845031771421863,0.9919856866137308,False
CatBoost_early,0.8099999999999999,0.9995827807661933,0.9844444770556037,0.9919558756118119,False
CatBoost_early,0.815,0.9995976634678428,0.9844151270123124,0.9919483035245581,False
CatBoost_early,0.82,0.9996274439675727,0.9843857769690211,0.991948065391469,False
CatBoost_early,0.825,0.9996721164880695,0.9843270768824384,0.9919402543626146,False
CatBoost_early,0.83,0.999687015619411,0.9843270768824384,0.9919475890830308,False
CatBoost_early,0.835,0.9997466128094677,0.9843124018607927,0.9919694751319934,False
CatBoost_early,0.84,0.9998062188832245,0.9842977268391471,0.9919913627993996,False
CatBoost_early,0.845,0.9998509309363028,0.9842977268391471,0.9920133702098709,False
CatBoost_early,0.8499999999999999,0.9998509264918531,0.9842683767958558,0.9919984618115127,False
CatBoost_early,0.8549999999999999,0.9998658298424246,0.9842537017742101,0.9919983434648209,False
CatBoost_early,0.8599999999999999,0.9998658258419428,0.9842243517309188,0.9919834344031948,False
CatBoost_early,0.8649999999999999,0.9998658238416125,0.9842096767092732,0.9919759797069938,False
CatBoost_early,0.8699999999999999,0.9998807287473537,0.9841950016876275,0.9919758610233921,False
CatBoost_early,0.8749999999999999,0.9999105438931297,0.9841950016876275,0.9919905335946456,False
CatBoost_early,0.8799999999999999,0.9999105438931297,0.9841950016876275,0.9919905335946456,False
CatBoost_early,0.8849999999999999,0.9999105438931297,0.9841950016876275,0.9919905335946456,False
CatBoost_early,0.8899999999999999,0.9999105425593774,0.9841803266659819,0.9919830786752851,False
CatBoost_early,0.8949999999999999,0.9999105412255852,0.9841656516443362,0.9919756236456554,False
CatBoost_early,0.8999999999999999,0.9999105412255852,0.9841656516443362,0.9919756236456554,False
CatBoost_early,0.9049999999999999,0.9999105305538158,0.9840482514711709,0.9919159794386302,False
CatBoost_early,0.9099999999999999,0.9999105292196657,0.9840335764495253,0.991908523416467,False
CatBoost_early,0.9149999999999999,0.9999105225483178,0.983960201341297,0.9918712416511957,False
CatBoost_early,0.9199999999999999,0.9999105225483178,0.983960201341297,0.9918712416511957,False
CatBoost_early,0.9249999999999999,0.9999254321208596,0.9839308512980056,0.9918636646054617,False
CatBoost_early,0.9299999999999999,0.9999403439173167,0.98391617627636,0.991863544240129,False
CatBoost_early,0.9349999999999999,0.9999403430275914,0.9839015012547143,0.9918560872234509,False
CatBoost_early,0.94,0.9999403412480611,0.983872151211423,0.9918411728591401,False
CatBoost_early,0.945,0.9999403376886821,0.9838134511248404,0.9918113428066309,False
CatBoost_early,0.95,0.9999403367987709,0.9837987761031948,0.9918038850176794,False
