category,count,relative_pct
702271321,7897,1.7549
704629146,5219,1.1598
702729500,4542,1.0093
702730482,4387,0.9749
703000075,4012,0.8916
703949024,3804,0.8453
700774011,3639,0.8087
706099488,3576,0.7947
702318460,3449,0.7664
712721034,3435,0.7633
701515082,3328,0.7396
702259557,3199,0.7109
702270372,3161,0.7024
709072474,2980,0.6622
701365033,2888,0.6418
702769076,2751,0.6113
703301051,2709,0.602
700787393,2687,0.5971
700637010,2665,0.5922
700676059,2655,0.59
701715203,2631,0.5847
700445042,2573,0.5718
702158254,2570,0.5711
701798407,2526,0.5613
700961014,2426,0.5391
702547704,2422,0.5382
700694094,2364,0.5253
706081700,2312,0.5138
702948183,2309,0.5131
703282152,2300,0.5111
701993388,2199,0.4887
700859218,2171,0.4824
701172108,2126,0.4724
702445891,2089,0.4642
701117632,2078,0.4618
706481892,2059,0.4576
702442096,2016,0.448
702523150,2012,0.4471
709391528,2006,0.4458
700817075,1997,0.4438
702589086,1942,0.4316
702192410,1938,0.4307
704323831,1888,0.4196
704942564,1864,0.4142
702727819,1836,0.408
701870321,1817,0.4038
700341043,1814,0.4031
704972363,1810,0.4022
700642036,1801,0.4002
702354598,1800,0.4
700447030,1788,0.3973
703038141,1764,0.392
706091220,1753,0.3896
700221021,1720,0.3822
704654201,1688,0.3751
700256027,1662,0.3693
702541384,1649,0.3664
703915215,1639,0.3642
700694045,1631,0.3624
701925125,1628,0.3618
700583222,1621,0.3602
702585365,1597,0.3549
703155960,1566,0.348
703957431,1517,0.3371
702486788,1495,0.3322
701699407,1485,0.33
702266156,1483,0.3296
702066127,1480,0.3289
701337164,1397,0.3104
705153054,1383,0.3073
703639690,1347,0.2993
701321135,1346,0.2991
700898067,1346,0.2991
700587033,1332,0.296
702860123,1282,0.2849
702280165,1263,0.2807
701428641,1234,0.2742
700771157,1227,0.2727
701946188,1225,0.2722
700367014,1221,0.2713
701110272,1213,0.2696
700087026,1197,0.266
702475393,1146,0.2547
700296015,1138,0.2529
700765068,1135,0.2522
702166190,1125,0.25
700088016,1123,0.2496
702390477,1116,0.248
700637051,1113,0.2473
701347270,1097,0.2438
702376260,1083,0.2407
700271034,1078,0.2396
703475053,1074,0.2387
701006074,1050,0.2333
700613011,1034,0.2298
704942390,1033,0.2296
703426569,1028,0.2284
705412617,1022,0.2271
702441189,1013,0.2251
701427445,1010,0.2244
706029618,1008,0.224
704187608,988,0.2196
702511981,964,0.2142
704964485,958,0.2129
703984526,952,0.2116
702349549,951,0.2113
711724823,948,0.2107
702874223,948,0.2107
710188293,940,0.2089
702384207,929,0.2064
704259860,921,0.2047
700763170,918,0.204
710346917,913,0.2029
702046087,911,0.2024
702066010,909,0.202
704695428,903,0.2007
702445743,898,0.1996
702861493,898,0.1996
709360457,886,0.1969
702440603,885,0.1967
702344805,872,0.1938
702001421,872,0.1938
700587157,871,0.1936
700927064,868,0.1929
702364142,866,0.1924
704160753,839,0.1864
705238137,838,0.1862
704868611,836,0.1858
702418120,835,0.1856
702413246,823,0.1829
711192211,820,0.1822
702435959,818,0.1818
702309477,810,0.18
702354804,810,0.18
700803117,804,0.1787
701551798,800,0.1778
701255226,794,0.1764
704155167,791,0.1758
700985252,788,0.1751
708618020,788,0.1751
703247858,787,0.1749
702408220,770,0.1711
701238073,747,0.166
703035956,747,0.166
702768342,747,0.166
700591183,742,0.1649
702217399,739,0.1642
700586134,733,0.1629
700662059,714,0.1587
700613045,709,0.1576
704246388,708,0.1573
702016304,700,0.1556
702217274,697,0.1549
701149171,689,0.1531
706520657,686,0.1524
704291491,684,0.152
702594383,683,0.1518
703991851,680,0.1511
704015031,678,0.1507
700409022,676,0.1502
702832809,676,0.1502
702848847,669,0.1487
702191560,666,0.148
704161363,665,0.1478
709183180,660,0.1467
702091182,659,0.1464
702350083,655,0.1456
700218035,651,0.1447
705555407,651,0.1447
700509136,646,0.1436
700474109,638,0.1418
704562362,634,0.1409
711161810,632,0.1404
705258721,630,0.14
708899216,623,0.1384
703688838,622,0.1382
702384066,621,0.138
702831819,616,0.1369
700588015,613,0.1362
704059872,613,0.1362
710552290,603,0.134
700230014,602,0.1338
704035211,598,0.1329
700577042,592,0.1316
700663107,589,0.1309
702359944,585,0.13
706570512,574,0.1276
702856097,574,0.1276
701950024,570,0.1267
702522244,570,0.1267
700985013,569,0.1264
709023915,568,0.1262
701399172,566,0.1258
704063254,558,0.124
702231408,557,0.1238
703932673,550,0.1222
705272680,546,0.1213
702095092,545,0.1211
703767566,543,0.1207
704162973,541,0.1202
702481052,533,0.1184
700209018,533,0.1184
701666380,529,0.1176
702644691,529,0.1176
702948969,522,0.116
702288622,520,0.1156
702220054,519,0.1153
704060383,510,0.1133
704659911,510,0.1133
700077019,505,0.1122
700583065,501,0.1113
700235021,499,0.1109
702179409,497,0.1104
702923731,497,0.1104
700686124,496,0.1102
701724114,494,0.1098
700262025,492,0.1093
705352060,489,0.1087
709017214,488,0.1084
700569072,486,0.108
702742388,486,0.108
702435306,484,0.1076
702380031,483,0.1073
701922320,481,0.1069
700406036,481,0.1069
708964812,477,0.106
704059641,474,0.1053
703584037,470,0.1044
702448036,464,0.1031
703738849,463,0.1029
700037070,463,0.1029
701171019,462,0.1027
702330010,461,0.1024
702360090,461,0.1024
704040070,457,0.1016
705489250,453,0.1007
704153634,452,0.1004
702459025,449,0.0998
702441627,448,0.0996
701472011,447,0.0993
706709458,447,0.0993
704694173,444,0.0987
707451597,443,0.0984
704260165,442,0.0982
706595345,441,0.098
700814015,441,0.098
704960004,440,0.0978
702312703,437,0.0971
703840058,437,0.0971
700790058,436,0.0969
702721457,436,0.0969
704329291,436,0.0969
704923762,436,0.0969
704160282,435,0.0967
700795065,434,0.0964
705645349,434,0.0964
702330952,433,0.0962
704154335,432,0.096
701108102,432,0.096
700665045,431,0.0958
702424037,430,0.0956
701119182,430,0.0956
709404925,429,0.0953
704162874,429,0.0953
705246718,428,0.0951
707914438,427,0.0949
703036004,427,0.0949
702318023,426,0.0947
704683010,425,0.0944
702187444,424,0.0942
703835165,423,0.094
702776618,417,0.0927
702179383,415,0.0922
703915793,410,0.0911
700218068,409,0.0909
709412027,409,0.0909
702475021,407,0.0904
700094030,406,0.0902
700793102,406,0.0902
701433674,405,0.09
705069607,405,0.09
701715807,404,0.0898
704161728,403,0.0896
700889173,401,0.0891
712346519,400,0.0889
701117699,400,0.0889
702192030,399,0.0887
705377810,399,0.0887
702644097,398,0.0884
701869646,398,0.0884
702292459,397,0.0882
702138447,396,0.088
702158197,394,0.0876
700066053,393,0.0873
701160020,393,0.0873
702988379,393,0.0873
701585283,391,0.0869
702825183,391,0.0869
703030957,391,0.0869
702561986,390,0.0867
704142835,388,0.0862
705030252,386,0.0858
704160423,385,0.0856
702744467,382,0.0849
701400236,382,0.0849
702917022,381,0.0847
700578032,381,0.0847
702797036,381,0.0847
700862154,379,0.0842
710121666,378,0.084
702413634,377,0.0838
705044196,377,0.0838
701645202,377,0.0838
700103013,376,0.0836
702259540,375,0.0833
704148691,373,0.0829
705320893,371,0.0824
706338985,369,0.082
705008985,368,0.0818
701252041,365,0.0811
701707648,365,0.0811
702436494,365,0.0811
703876458,365,0.0811
704156108,363,0.0807
702542523,362,0.0804
704974633,360,0.08
700422025,359,0.0798
703470195,358,0.0796
700712011,357,0.0793
702230251,355,0.0789
703187666,355,0.0789
709403372,351,0.078
700612096,347,0.0771
709381586,346,0.0769
701263113,345,0.0767
702516691,344,0.0764
705282838,341,0.0758
702292145,341,0.0758
703037499,339,0.0753
700111024,336,0.0747
700403058,335,0.0744
701694408,333,0.074
700890031,332,0.0738
710420365,332,0.0738
700696065,331,0.0736
700133044,330,0.0733
704063197,330,0.0733
702640434,328,0.0729
704155043,328,0.0729
700861115,327,0.0727
711994194,327,0.0727
700600117,325,0.0722
702412826,324,0.072
700043011,324,0.072
702069113,323,0.0718
704160183,322,0.0716
706873189,322,0.0716
700964026,321,0.0713
701152050,319,0.0709
704247485,316,0.0702
704670843,315,0.07
702137340,315,0.07
702492034,314,0.0698
702943952,313,0.0696
709374037,312,0.0693
705634392,311,0.0691
701594715,309,0.0687
708354113,309,0.0687
701941254,308,0.0684
700090079,307,0.0682
700065089,307,0.0682
702964248,306,0.068
702529231,302,0.0671
702849316,300,0.0667
700638059,300,0.0667
700721053,299,0.0664
701675019,295,0.0656
701715187,295,0.0656
700363047,295,0.0656
700675051,294,0.0653
700098023,294,0.0653
704198639,292,0.0649
704150028,292,0.0649
703208645,291,0.0647
702442005,291,0.0647
702375593,289,0.0642
702758418,287,0.0638
709578611,286,0.0636
703714378,285,0.0633
702418666,284,0.0631
704784032,283,0.0629
702284720,282,0.0627
701698102,282,0.0627
704156207,282,0.0627
700562028,282,0.0627
702892266,279,0.062
703352179,278,0.0618
704483148,278,0.0618
702944208,277,0.0616
707720215,277,0.0616
705672095,275,0.0611
700220049,274,0.0609
702452210,273,0.0607
705077204,272,0.0604
706013752,269,0.0598
700108012,269,0.0598
703757179,269,0.0598
702208604,269,0.0598
700619018,268,0.0596
702851213,267,0.0593
704915552,267,0.0593
709606271,264,0.0587
704156033,263,0.0584
704260173,263,0.0584
712182070,262,0.0582
702309964,261,0.058
705430593,261,0.058
704477603,260,0.0578
702944067,260,0.0578
700507197,260,0.0578
706749579,260,0.0578
704486158,259,0.0576
713824894,259,0.0576
702953340,258,0.0573
701265068,258,0.0573
703747063,257,0.0571
702586314,256,0.0569
705187334,256,0.0569
702234303,255,0.0567
702208448,253,0.0562
704193093,253,0.0562
704161454,250,0.0556
704155100,250,0.0556
702645490,248,0.0551
706085982,248,0.0551
703216739,247,0.0549
702169566,247,0.0549
704891027,247,0.0549
703070920,247,0.0549
702289612,246,0.0547
700930035,245,0.0544
701047037,244,0.0542
700639016,243,0.054
704278142,243,0.054
700326093,243,0.054
701064065,241,0.0536
702576059,241,0.0536
702492422,240,0.0533
704154251,238,0.0529
702775123,238,0.0529
704258722,238,0.0529
700599038,236,0.0524
709070197,236,0.0524
702166430,235,0.0522
702196130,234,0.052
707122826,234,0.052
706418357,234,0.052
704565175,234,0.052
702019308,233,0.0518
700106016,233,0.0518
704972165,233,0.0518
702528514,232,0.0516
702689464,231,0.0513
704150457,231,0.0513
706570116,230,0.0511
701236044,229,0.0509
704025808,229,0.0509
712373323,228,0.0507
702234287,227,0.0504
704142603,226,0.0502
704162353,225,0.05
704060631,225,0.05
702580812,225,0.05
703019489,224,0.0498
702118076,223,0.0496
704959766,223,0.0496
703625459,219,0.0487
701899197,219,0.0487
704156173,218,0.0484
700391063,217,0.0482
708303094,217,0.0482
704884402,217,0.0482
702209016,215,0.0478
701538282,215,0.0478
700602048,213,0.0473
701222242,212,0.0471
703738674,211,0.0469
702380551,210,0.0467
703036343,210,0.0467
710174822,210,0.0467
703914952,208,0.0462
701679615,208,0.0462
706490067,206,0.0458
702836172,206,0.0458
704258359,205,0.0456
702118308,204,0.0453
702309410,204,0.0453
702633314,202,0.0449
702593740,202,0.0449
702297102,200,0.0444
703235119,198,0.044
702952680,197,0.0438
704141977,197,0.0438
700890130,197,0.0438
709521884,197,0.0438
700551021,196,0.0436
701189037,195,0.0433
700509078,195,0.0433
702284290,194,0.0431
700771041,194,0.0431
700112022,194,0.0431
704153360,194,0.0431
701222259,194,0.0431
705238228,193,0.0429
704160241,191,0.0424
707977351,190,0.0422
708899034,190,0.0422
701824203,189,0.042
700519259,188,0.0418
702196049,188,0.0418
700862022,188,0.0418
704740679,187,0.0416
707977195,187,0.0416
704163104,187,0.0416
702458464,187,0.0416
702183476,186,0.0413
702329319,184,0.0409
704153899,184,0.0409
704153931,184,0.0409
704148527,183,0.0407
702596461,183,0.0407
702235227,182,0.0404
708320866,182,0.0404
702184359,182,0.0404
704156264,182,0.0404
708615398,182,0.0404
700358088,181,0.0402
702721184,180,0.04
701674376,180,0.04
702028184,180,0.04
703673905,180,0.04
704765114,180,0.04
704192574,179,0.0398
704564061,178,0.0396
702892480,178,0.0396
702259441,176,0.0391
708942131,175,0.0389
701159022,175,0.0389
702723842,174,0.0387
709033765,174,0.0387
704428523,174,0.0387
702796053,174,0.0387
703244210,173,0.0384
713024255,173,0.0384
704148642,173,0.0384
704369933,172,0.0382
702870601,172,0.0382
704247519,171,0.038
700928070,170,0.0378
702285412,170,0.0378
701742462,170,0.0378
709647309,170,0.0378
704150358,169,0.0376
704920990,169,0.0376
701695108,168,0.0373
700575061,168,0.0373
701108037,168,0.0373
702958711,167,0.0371
702292376,167,0.0371
702443029,167,0.0371
700740053,167,0.0371
704996578,167,0.0371
703938217,166,0.0369
700674096,165,0.0367
703905919,165,0.0367
704161686,165,0.0367
704136498,165,0.0367
709449367,165,0.0367
704162254,164,0.0364
704193143,164,0.0364
700886047,163,0.0362
700608052,163,0.0362
702641184,162,0.036
706672169,162,0.036
701699035,161,0.0358
701755480,161,0.0358
700098056,161,0.0358
704161389,160,0.0356
700124027,160,0.0356
703001578,160,0.0356
704155118,160,0.0356
703646026,160,0.0356
701610032,159,0.0353
709416515,159,0.0353
702057373,159,0.0353
704247923,159,0.0353
701715401,158,0.0351
704143338,158,0.0351
708209135,158,0.0351
704443167,158,0.0351
701806358,157,0.0349
700251051,157,0.0349
702475609,156,0.0347
701722258,156,0.0347
701174138,156,0.0347
705101665,156,0.0347
702385105,156,0.0347
703891879,156,0.0347
704325026,155,0.0344
705351302,154,0.0342
700787484,154,0.0342
714050234,154,0.0342
702950643,153,0.034
700183056,153,0.034
701224107,153,0.034
700255011,153,0.034
709368211,153,0.034
704322445,153,0.034
713865749,153,0.034
703931881,152,0.0338
703458380,152,0.0338
703415323,152,0.0338
700870033,152,0.0338
701590192,151,0.0336
702759101,151,0.0336
704187525,150,0.0333
704160340,149,0.0331
706158078,149,0.0331
702952698,148,0.0329
702313123,148,0.0329
704153865,148,0.0329
704717206,148,0.0329
702631037,148,0.0329
706320991,148,0.0329
702914532,147,0.0327
701667396,147,0.0327
704739655,147,0.0327
706459542,147,0.0327
700656093,146,0.0324
714247103,146,0.0324
703117176,145,0.0322
704161785,145,0.0322
703842104,145,0.0322
700553027,145,0.0322
702166422,145,0.0322
704258268,144,0.032
701177164,144,0.032
703284679,144,0.032
702769126,144,0.032
704883511,144,0.032
704271436,144,0.032
703597575,143,0.0318
702262015,143,0.0318
701341109,143,0.0318
705771848,143,0.0318
701462152,142,0.0316
702162363,142,0.0316
704323773,142,0.0316
709649057,142,0.0316
704033232,141,0.0313
704161553,141,0.0313
704335538,141,0.0313
703704478,140,0.0311
702658881,140,0.0311
700587140,140,0.0311
701996100,139,0.0309
704297852,139,0.0309
702169178,139,0.0309
702217464,139,0.0309
705137271,138,0.0307
705600856,138,0.0307
704907864,138,0.0307
704160480,138,0.0307
704363647,138,0.0307
700930142,137,0.0304
702587718,137,0.0304
702457607,137,0.0304
700568124,136,0.0302
704143114,135,0.03
700567043,135,0.03
704247279,135,0.03
704906007,135,0.03
701702409,134,0.0298
700533144,134,0.0298
704616416,133,0.0296
700569015,133,0.0296
702281403,133,0.0296
703670463,133,0.0296
706013026,133,0.0296
702871120,132,0.0293
703041459,132,0.0293
704469501,132,0.0293
701967184,132,0.0293
707917050,132,0.0293
703490821,132,0.0293
704160670,132,0.0293
709998017,132,0.0293
701345100,130,0.0289
700486038,130,0.0289
703940056,130,0.0289
704787431,130,0.0289
701511206,130,0.0289
704539212,130,0.0289
704827575,129,0.0287
702263278,128,0.0284
704161611,128,0.0284
704160886,128,0.0284
704147370,128,0.0284
705554343,127,0.0282
701698169,126,0.028
704160746,126,0.028
700583172,126,0.028
702962226,126,0.028
712856418,126,0.028
712713593,126,0.028
704359645,126,0.028
713090454,125,0.0278
703478552,125,0.0278
702492703,125,0.0278
703940072,124,0.0276
704163047,124,0.0276
704271121,124,0.0276
704153444,123,0.0273
702943911,123,0.0273
700834104,122,0.0271
700620032,121,0.0269
705095792,121,0.0269
700566011,120,0.0267
704037894,120,0.0267
702947078,119,0.0264
700476070,119,0.0264
704161009,118,0.0262
704153378,118,0.0262
709190136,118,0.0262
706206265,118,0.0262
702308602,118,0.0262
705641884,117,0.026
700988082,117,0.026
704708478,116,0.0258
704561703,116,0.0258
700588080,116,0.0258
714302411,116,0.0258
702408261,115,0.0256
700655012,115,0.0256
712976240,115,0.0256
702096124,114,0.0253
701695223,114,0.0253
702743162,114,0.0253
704571835,113,0.0251
701821332,112,0.0249
701702029,112,0.0249
701703365,112,0.0249
707512638,112,0.0249
704141639,111,0.0247
701706020,111,0.0247
704194505,111,0.0247
704258151,111,0.0247
700660053,110,0.0244
704405216,110,0.0244
704153840,110,0.0244
712170091,110,0.0244
700931090,109,0.0242
704371061,108,0.024
704163526,107,0.0238
702001025,107,0.0238
702616558,107,0.0238
701539371,107,0.0238
701138349,107,0.0238
705102895,106,0.0236
701231045,106,0.0236
700341035,106,0.0236
704154459,106,0.0236
704667187,106,0.0236
700568074,106,0.0236
704252790,106,0.0236
702962762,105,0.0233
712855485,105,0.0233
704150309,104,0.0231
702575002,104,0.0231
701667461,104,0.0231
704661768,104,0.0231
704079797,104,0.0231
702955071,103,0.0229
700583081,102,0.0227
701747552,101,0.0224
704192517,101,0.0224
703757047,101,0.0224
700337025,101,0.0224
700838113,100,0.0222
704156074,100,0.0222
703190363,100,0.0222
700064033,100,0.0222
703508374,99,0.022
703081281,99,0.022
702730649,99,0.022
702736604,99,0.022
703458406,99,0.022
704153386,98,0.0218
702412495,98,0.0218
712856459,98,0.0218
700296049,98,0.0218
701706442,97,0.0216
703115295,97,0.0216
701723298,97,0.0216
704160571,96,0.0213
700356033,96,0.0213
700577018,96,0.0213
709370423,96,0.0213
704534122,95,0.0211
700507031,95,0.0211
701350050,95,0.0211
702230541,95,0.0211
702474826,94,0.0209
710609769,94,0.0209
706451382,93,0.0207
703923706,93,0.0207
704162205,93,0.0207
701928129,93,0.0207
703223495,93,0.0207
705828283,93,0.0207
712948140,92,0.0204
709888572,92,0.0204
702000068,91,0.0202
708240346,91,0.0202
701746083,91,0.0202
701806325,91,0.0202
705755205,91,0.0202
701724569,90,0.02
704147271,90,0.02
705651156,90,0.02
702981390,89,0.0198
703915660,88,0.0196
704157015,88,0.0196
702312794,88,0.0196
705349314,88,0.0196
702875592,87,0.0193
704494194,87,0.0193
707893285,87,0.0193
712856400,87,0.0193
704258193,86,0.0191
702474149,86,0.0191
701128084,86,0.0191
715200713,86,0.0191
704161496,85,0.0189
701706483,85,0.0189
703557983,85,0.0189
704688498,85,0.0189
704160332,85,0.0189
712858349,85,0.0189
700681034,84,0.0187
703306522,84,0.0187
702960055,84,0.0187
712858331,84,0.0187
703416560,83,0.0184
701699357,82,0.0182
702890278,82,0.0182
702516774,82,0.0182
702939109,82,0.0182
702134214,82,0.0182
709338446,81,0.018
702929845,80,0.0178
703004507,80,0.0178
703124354,80,0.0178
702358854,80,0.0178
704277219,80,0.0178
701571077,79,0.0176
701694051,79,0.0176
701646168,79,0.0176
701993016,79,0.0176
705062164,79,0.0176
703161174,78,0.0173
702995788,78,0.0173
701652109,78,0.0173
700970148,78,0.0173
704156116,78,0.0173
704160720,78,0.0173
705403541,77,0.0171
701902298,77,0.0171
703221028,77,0.0171
701694119,77,0.0171
701700098,77,0.0171
704062611,77,0.0171
701711038,77,0.0171
701679607,76,0.0169
702417106,76,0.0169
712855519,76,0.0169
713810620,76,0.0169
700149040,75,0.0167
702314071,75,0.0167
704660760,75,0.0167
703190777,75,0.0167
701035115,75,0.0167
704483114,74,0.0164
706758588,74,0.0164
709531032,74,0.0164
700656036,74,0.0164
702676222,74,0.0164
700582067,74,0.0164
702600511,73,0.0162
703957241,73,0.0162
701129140,73,0.0162
701702359,73,0.0162
705601177,73,0.0162
711601906,73,0.0162
702541236,72,0.016
712242312,72,0.016
713460152,72,0.016
702224064,72,0.016
704323161,72,0.016
700674062,72,0.016
705999456,72,0.016
704153618,71,0.0158
704392430,71,0.0158
701721102,71,0.0158
700661036,71,0.0158
712856442,71,0.0158
702062076,71,0.0158
702731035,70,0.0156
700088024,70,0.0156
702947540,70,0.0156
703013441,70,0.0156
704163039,70,0.0156
700681018,70,0.0156
701707325,70,0.0156
701118028,70,0.0156
714522265,70,0.0156
700093016,69,0.0153
708598693,69,0.0153
702631524,69,0.0153
705642312,69,0.0153
704901107,69,0.0153
701703761,69,0.0153
701590200,69,0.0153
701266132,69,0.0153
700473051,69,0.0153
704192269,69,0.0153
705601144,69,0.0153
701692022,68,0.0151
703163568,68,0.0151
706082732,68,0.0151
701695579,67,0.0149
701129264,67,0.0149
701678542,67,0.0149
704153964,67,0.0149
702422486,67,0.0149
702580473,67,0.0149
702188087,67,0.0149
702375551,67,0.0149
701706038,67,0.0149
704764083,67,0.0149
714178787,67,0.0149
706042066,67,0.0149
704662246,67,0.0149
701723199,66,0.0147
702445644,66,0.0147
703038083,66,0.0147
702810797,66,0.0147
700960073,66,0.0147
702932088,65,0.0144
702188194,65,0.0144
701707044,65,0.0144
711372300,65,0.0144
703970129,65,0.0144
703626317,65,0.0144
702343435,64,0.0142
704019751,64,0.0142
708414032,63,0.014
701967283,62,0.0138
703961946,62,0.0138
712804137,62,0.0138
712453760,60,0.0133
708486279,60,0.0133
702986209,60,0.0133
701539611,60,0.0133
700865041,60,0.0133
703991976,60,0.0133
700150022,59,0.0131
713778413,59,0.0131
714487337,59,0.0131
700492069,58,0.0129
701709024,58,0.0129
706011103,58,0.0129
700645021,58,0.0129
701695355,58,0.0129
707670964,58,0.0129
702940644,57,0.0127
704748144,56,0.0124
702942137,56,0.0124
709370175,56,0.0124
706515467,55,0.0122
701722183,55,0.0122
704180900,54,0.012
705681880,54,0.012
700579063,53,0.0118
702781063,53,0.0118
701694218,53,0.0118
709183461,53,0.0118
712037225,52,0.0116
700417025,52,0.0116
701700122,52,0.0116
713184257,52,0.0116
708701222,51,0.0113
709669808,51,0.0113
705853745,51,0.0113
712900257,51,0.0113
713714087,51,0.0113
701192130,50,0.0111
705001477,50,0.0111
714360914,50,0.0111
701698193,49,0.0109
701817504,48,0.0107
702948654,48,0.0107
702874827,48,0.0107
701067183,48,0.0107
701645798,48,0.0107
706084142,48,0.0107
703995761,48,0.0107
704060516,48,0.0107
702188228,47,0.0104
700000011,47,0.0104
701635120,47,0.0104
714235165,47,0.0104
709601082,47,0.0104
709383293,47,0.0104
701175051,46,0.0102
701848608,46,0.0102
704861186,46,0.0102
701120024,46,0.0102
712855451,46,0.0102
714571478,46,0.0102
705657096,46,0.0102
703743096,45,0.01
700673015,45,0.01
708954680,45,0.01
705601151,45,0.01
714296092,45,0.01
706895679,45,0.01
703862235,44,0.0098
702839218,44,0.0098
703782706,44,0.0098
701678708,44,0.0098
705600906,44,0.0098
703507228,44,0.0098
707575973,44,0.0098
702819103,44,0.0098
704705029,44,0.0098
703935064,44,0.0098
705333821,44,0.0098
702209412,43,0.0096
701662090,43,0.0096
701706095,43,0.0096
703969212,43,0.0096
701866469,43,0.0096
704535996,43,0.0096
702865569,43,0.0096
706021904,43,0.0096
705161057,43,0.0096
704122589,43,0.0096
702985524,42,0.0093
702330481,42,0.0093
708732367,42,0.0093
702262189,42,0.0093
701695835,42,0.0093
703076125,42,0.0093
702417395,41,0.0091
704795558,41,0.0091
703962746,41,0.0091
700554116,41,0.0091
704252469,41,0.0091
703599134,41,0.0091
703338079,41,0.0091
703458992,40,0.0089
704066539,40,0.0089
702331174,40,0.0089
712356534,40,0.0089
700600042,40,0.0089
713354751,40,0.0089
714059128,40,0.0089
704068089,40,0.0089
703218214,39,0.0087
701715138,39,0.0087
703916171,39,0.0087
702908666,39,0.0087
700696040,39,0.0087
702191040,39,0.0087
701263097,39,0.0087
701707739,39,0.0087
703821967,38,0.0084
701645541,38,0.0084
705600898,38,0.0084
705501682,38,0.0084
708540174,38,0.0084
705518066,38,0.0084
702625781,38,0.0084
701662876,38,0.0084
702712696,37,0.0082
703060301,37,0.0082
701699167,37,0.0082
704322239,37,0.0082
705194777,37,0.0082
703890939,37,0.0082
702183286,37,0.0082
704779636,37,0.0082
701694267,37,0.0082
703457754,36,0.008
701695702,36,0.008
705351526,36,0.008
702092073,35,0.0078
701993255,35,0.0078
706061082,35,0.0078
703014498,35,0.0078
701724593,35,0.0078
714098233,35,0.0078
700213044,34,0.0076
704163161,34,0.0076
712659168,34,0.0076
705805356,34,0.0076
704659820,33,0.0073
713186138,33,0.0073
700728058,33,0.0073
702907627,33,0.0073
710275231,33,0.0073
700563059,33,0.0073
704322916,33,0.0073
702729666,33,0.0073
700090038,33,0.0073
701860231,32,0.0071
712855360,32,0.0071
713848463,32,0.0071
700270010,31,0.0069
701703852,31,0.0069
703028878,31,0.0069
703380501,31,0.0069
708699541,31,0.0069
700565054,31,0.0069
705008498,31,0.0069
702638354,31,0.0069
701851040,30,0.0067
703206888,30,0.0067
709879217,30,0.0067
702517491,30,0.0067
701707226,30,0.0067
701691552,30,0.0067
701702045,30,0.0067
702962341,30,0.0067
705356525,30,0.0067
700082035,30,0.0067
714311503,30,0.0067
712231364,30,0.0067
715267175,30,0.0067
705174266,29,0.0064
700208028,29,0.0064
709951099,29,0.0064
714807898,29,0.0064
704505742,28,0.0062
702238932,28,0.0062
706396777,28,0.0062
706129145,28,0.0062
708719463,28,0.0062
703016303,28,0.0062
701454274,28,0.0062
705402097,28,0.0062
706107083,28,0.0062
701699639,27,0.006
701847287,27,0.006
703690842,27,0.006
704067156,27,0.006
701589053,27,0.006
707564704,27,0.006
703016675,27,0.006
704789056,27,0.006
705480176,27,0.006
700592041,27,0.006
713663367,27,0.006
705177244,27,0.006
703593913,27,0.006
715364873,27,0.006
703058347,26,0.0058
703141085,26,0.0058
705746089,26,0.0058
713952745,26,0.0058
702112137,26,0.0058
709385710,26,0.0058
714490042,26,0.0058
714363678,26,0.0058
701033052,26,0.0058
715220133,26,0.0058
714934064,26,0.0058
700625098,25,0.0056
700572043,25,0.0056
701694184,25,0.0056
705397149,25,0.0056
713969061,25,0.0056
704247097,25,0.0056
701855249,25,0.0056
715147716,25,0.0056
700694060,24,0.0053
703693010,24,0.0053
705398386,24,0.0053
702004052,24,0.0053
701190118,24,0.0053
701038036,24,0.0053
713234730,24,0.0053
706159043,24,0.0053
703717025,23,0.0051
701699480,23,0.0051
704247162,23,0.0051
705159572,23,0.0051
703714022,23,0.0051
704942440,23,0.0051
702001330,23,0.0051
709189773,23,0.0051
700064108,23,0.0051
703706218,23,0.0051
702512468,23,0.0051
703207654,23,0.0051
708916325,23,0.0051
704864230,23,0.0051
704263177,23,0.0051
704247972,23,0.0051
704253830,23,0.0051
712831023,23,0.0051
709518062,23,0.0051
704330414,23,0.0051
700612013,22,0.0049
703293506,22,0.0049
703020081,22,0.0049
708723671,22,0.0049
702767732,22,0.0049
706001229,22,0.0049
709001069,22,0.0049
709368088,22,0.0049
702636333,22,0.0049
714130317,22,0.0049
700882046,22,0.0049
714820503,22,0.0049
700565039,22,0.0049
705970515,22,0.0049
710926031,22,0.0049
711971747,21,0.0047
705189405,21,0.0047
703459891,21,0.0047
709662217,21,0.0047
710630369,21,0.0047
704186568,21,0.0047
700098031,21,0.0047
709442024,21,0.0047
714048220,21,0.0047
714656006,21,0.0047
708737929,21,0.0047
702336066,21,0.0047
703024323,21,0.0047
700372022,20,0.0044
711952143,20,0.0044
702957515,20,0.0044
701747461,20,0.0044
703971531,20,0.0044
701275141,20,0.0044
702730698,20,0.0044
704972173,20,0.0044
703649301,20,0.0044
708659263,20,0.0044
700740038,20,0.0044
710676123,20,0.0044
703871210,20,0.0044
704080423,20,0.0044
708041447,20,0.0044
709688436,19,0.0042
711710426,19,0.0042
702511171,19,0.0042
708710264,19,0.0042
702058181,19,0.0042
708803887,19,0.0042
712856665,19,0.0042
701715179,19,0.0042
712259076,19,0.0042
706623212,19,0.0042
710175373,19,0.0042
704335553,19,0.0042
700078017,19,0.0042
703319020,18,0.004
712877117,18,0.004
704869510,18,0.004
703719195,18,0.004
708597562,18,0.004
701129025,18,0.004
700217037,18,0.004
714278751,18,0.004
713766525,18,0.004
709192637,18,0.004
713965994,18,0.004
715529277,18,0.004
703086892,17,0.0038
703121715,17,0.0038
701100877,17,0.0038
700745110,17,0.0038
704067107,17,0.0038
701850026,17,0.0038
708725551,17,0.0038
704060623,17,0.0038
709224034,17,0.0038
701695447,17,0.0038
708542832,17,0.0038
703021014,17,0.0038
703033860,17,0.0038
705285625,17,0.0038
703306969,17,0.0038
704365170,17,0.0038
703300673,16,0.0036
703593798,16,0.0036
703690859,16,0.0036
708422761,16,0.0036
703670687,16,0.0036
700794225,16,0.0036
705120020,16,0.0036
708719372,16,0.0036
707689246,16,0.0036
709095491,16,0.0036
713906147,16,0.0036
702280058,16,0.0036
706534039,16,0.0036
704337385,16,0.0036
715353439,16,0.0036
703233239,15,0.0033
703061986,15,0.0033
703128090,15,0.0033
708740709,15,0.0033
709996599,15,0.0033
710116427,15,0.0033
703148064,15,0.0033
703147751,15,0.0033
708683040,15,0.0033
710102773,15,0.0033
703014266,15,0.0033
700588114,15,0.0033
709178487,15,0.0033
701306037,15,0.0033
708914908,15,0.0033
711149658,15,0.0033
704062306,15,0.0033
710983719,15,0.0033
700059041,15,0.0033
708431788,15,0.0033
703018861,14,0.0031
704996040,14,0.0031
708835392,14,0.0031
702761081,14,0.0031
705258697,14,0.0031
701100794,14,0.0031
711996892,14,0.0031
714542438,14,0.0031
714875853,14,0.0031
709432462,14,0.0031
705900355,14,0.0031
708583216,14,0.0031
702457383,14,0.0031
706579125,14,0.0031
715364717,14,0.0031
711292649,14,0.0031
705107530,14,0.0031
703026518,13,0.0029
702486036,13,0.0029
703677815,13,0.0029
712421437,13,0.0029
701321010,13,0.0029
703017228,13,0.0029
709245153,13,0.0029
702212325,13,0.0029
708817879,13,0.0029
709212286,13,0.0029
704259068,13,0.0029
701120032,13,0.0029
702996489,13,0.0029
713626281,13,0.0029
702990714,13,0.0029
701159030,13,0.0029
705729655,13,0.0029
703629840,13,0.0029
713751147,13,0.0029
715280608,13,0.0029
714906922,13,0.0029
716151873,13,0.0029
703077529,12,0.0027
700084122,12,0.0027
703027730,12,0.0027
703766915,12,0.0027
701214025,12,0.0027
712442169,12,0.0027
704357516,12,0.0027
706124435,12,0.0027
707620092,12,0.0027
707650297,12,0.0027
702580796,12,0.0027
709251151,12,0.0027
703950444,12,0.0027
700588098,12,0.0027
703014381,12,0.0027
701571291,12,0.0027
708817176,12,0.0027
705141240,12,0.0027
708551171,12,0.0027
708966817,12,0.0027
703013086,12,0.0027
707129185,12,0.0027
700090046,12,0.0027
701642324,12,0.0027
705274124,12,0.0027
702196338,12,0.0027
702293143,12,0.0027
704901545,12,0.0027
714603115,12,0.0027
705272623,12,0.0027
702481193,11,0.0024
703034769,11,0.0024
705071272,11,0.0024
703003111,11,0.0024
703019885,11,0.0024
703006031,11,0.0024
709384010,11,0.0024
702984816,11,0.0024
708751508,11,0.0024
702966276,11,0.0024
702441692,11,0.0024
703749937,11,0.0024
704848662,11,0.0024
715076568,11,0.0024
715191482,11,0.0024
713653715,11,0.0024
712602135,11,0.0024
703022061,11,0.0024
704059815,11,0.0024
705410694,11,0.0024
701860157,10,0.0022
703735472,10,0.0022
704897024,10,0.0022
703689182,10,0.0022
702985680,10,0.0022
703152249,10,0.0022
708704770,10,0.0022
709238042,10,0.0022
702886201,10,0.0022
702165101,10,0.0022
703360370,10,0.0022
709180335,10,0.0022
708535638,10,0.0022
708816616,10,0.0022
703574814,10,0.0022
708778667,10,0.0022
708725528,10,0.0022
703670810,10,0.0022
703743120,10,0.0022
702541459,10,0.0022
702317272,10,0.0022
702655044,10,0.0022
712856483,10,0.0022
703750323,10,0.0022
715119236,10,0.0022
703826834,10,0.0022
708060165,10,0.0022
706435500,10,0.0022
706368313,10,0.0022
702852070,10,0.0022
715352845,10,0.0022
715593075,10,0.0022
713858108,10,0.0022
706504677,9,0.002
702000100,9,0.002
704842673,9,0.002
702028135,9,0.002
703388553,9,0.002
704957844,9,0.002
702046186,9,0.002
703012534,9,0.002
703410092,9,0.002
702957242,9,0.002
710317850,9,0.002
709180566,9,0.002
700610157,9,0.002
704116599,9,0.002
708991377,9,0.002
704997618,9,0.002
708794193,9,0.002
712370519,9,0.002
712468198,9,0.002
706068855,9,0.002
704851328,9,0.002
715354700,9,0.002
715450870,9,0.002
713992097,9,0.002
714380052,9,0.002
710760646,9,0.002
702217605,9,0.002
705405553,9,0.002
705095701,9,0.002
715432654,9,0.002
715370243,9,0.002
715459061,9,0.002
715791422,9,0.002
708680368,8,0.0018
703713123,8,0.0018
703630640,8,0.0018
703229344,8,0.0018
703081182,8,0.0018
703766956,8,0.0018
702695339,8,0.0018
703102897,8,0.0018
705727196,8,0.0018
702554676,8,0.0018
703116624,8,0.0018
706537669,8,0.0018
701138356,8,0.0018
708688106,8,0.0018
706976636,8,0.0018
700619034,8,0.0018
702458035,8,0.0018
702488065,8,0.0018
703756064,8,0.0018
703936328,8,0.0018
705074607,8,0.0018
709242184,8,0.0018
702959222,8,0.0018
702580374,8,0.0018
708816285,8,0.0018
704059880,8,0.0018
701706467,8,0.0018
702452525,8,0.0018
708620232,8,0.0018
700583024,8,0.0018
708803713,8,0.0018
703635698,8,0.0018
712858364,8,0.0018
703588277,8,0.0018
703694182,8,0.0018
708724240,8,0.0018
704098094,8,0.0018
715221370,8,0.0018
708539481,8,0.0018
704659481,8,0.0018
715194270,8,0.0018
715458162,8,0.0018
715621710,8,0.0018
715472049,8,0.0018
714223880,8,0.0018
701123333,7,0.0016
701266140,7,0.0016
708700240,7,0.0016
708991906,7,0.0016
700351034,7,0.0016
703683417,7,0.0016
708706254,7,0.0016
703764894,7,0.0016
702718339,7,0.0016
703708776,7,0.0016
710428921,7,0.0016
703091801,7,0.0016
703232827,7,0.0016
703146134,7,0.0016
700581077,7,0.0016
703700203,7,0.0016
709778435,7,0.0016
700588056,7,0.0016
704949833,7,0.0016
713489433,7,0.0016
712731835,7,0.0016
701878258,7,0.0016
709371504,7,0.0016
713637361,7,0.0016
712227990,7,0.0016
702435140,7,0.0016
704915909,7,0.0016
702318098,7,0.0016
709531941,7,0.0016
702990763,7,0.0016
703827279,7,0.0016
704739994,7,0.0016
704366129,7,0.0016
705291482,7,0.0016
714229788,7,0.0016
712452853,7,0.0016
704662923,7,0.0016
706029154,7,0.0016
704253053,7,0.0016
707770327,7,0.0016
708723747,7,0.0016
714194685,7,0.0016
704441492,7,0.0016
715933974,7,0.0016
703949370,6,0.0013
702441643,6,0.0013
703099804,6,0.0013
708700778,6,0.0013
702994419,6,0.0013
708705751,6,0.0013
703617746,6,0.0013
704258540,6,0.0013
708552245,6,0.0013
702359399,6,0.0013
705274926,6,0.0013
703708156,6,0.0013
702180381,6,0.0013
703575126,6,0.0013
703829192,6,0.0013
703670380,6,0.0013
704832104,6,0.0013
700605058,6,0.0013
702951997,6,0.0013
703956821,6,0.0013
702858424,6,0.0013
702826512,6,0.0013
703781641,6,0.0013
710821703,6,0.0013
703933010,6,0.0013
714199023,6,0.0013
703628628,6,0.0013
703361501,6,0.0013
703690545,6,0.0013
704106137,6,0.0013
702997172,6,0.0013
700591159,6,0.0013
702774316,6,0.0013
700587082,6,0.0013
705986180,6,0.0013
704074731,6,0.0013
711599670,6,0.0013
701110462,5,0.0011
702309808,5,0.0011
703684555,5,0.0011
703083030,5,0.0011
703671651,5,0.0011
712587278,5,0.0011
704874205,5,0.0011
701123150,5,0.0011
703576736,5,0.0011
703210864,5,0.0011
700796063,5,0.0011
701316150,5,0.0011
700457047,5,0.0011
704332410,5,0.0011
704859735,5,0.0011
703665059,5,0.0011
701638074,5,0.0011
708147285,5,0.0011
707496550,5,0.0011
702230129,5,0.0011
705273670,5,0.0011
704687565,5,0.0011
703595579,5,0.0011
700586142,5,0.0011
707267159,5,0.0011
702258203,5,0.0011
708723408,5,0.0011
714198520,5,0.0011
708726294,5,0.0011
702350935,5,0.0011
706131869,5,0.0011
703786087,5,0.0011
703715409,5,0.0011
703365460,5,0.0011
714704632,5,0.0011
705405041,5,0.0011
702442021,5,0.0011
715195145,5,0.0011
715307179,5,0.0011
715938544,5,0.0011
715939583,5,0.0011
702839069,5,0.0011
704357375,4,0.0009
703648022,4,0.0009
702068057,4,0.0009
709239909,4,0.0009
703769927,4,0.0009
705745883,4,0.0009
700529043,4,0.0009
703698258,4,0.0009
705496149,4,0.0009
709261739,4,0.0009
703786251,4,0.0009
705469344,4,0.0009
700551088,4,0.0009
705403848,4,0.0009
704212729,4,0.0009
701295040,4,0.0009
702541202,4,0.0009
703678771,4,0.0009
703677450,4,0.0009
702191230,4,0.0009
704441443,4,0.0009
702575192,4,0.0009
701839037,4,0.0009
704829027,4,0.0009
704079417,4,0.0009
714322286,4,0.0009
704359256,4,0.0009
704782028,4,0.0009
701667677,4,0.0009
702506155,4,0.0009
704779271,4,0.0009
705314953,4,0.0009
702770033,4,0.0009
703630160,4,0.0009
702585928,4,0.0009
713901668,4,0.0009
703124545,4,0.0009
704067164,4,0.0009
705403624,4,0.0009
708703582,4,0.0009
714520012,4,0.0009
707861852,4,0.0009
703949917,4,0.0009
702738568,4,0.0009
706085479,4,0.0009
702736265,4,0.0009
703937128,4,0.0009
714556230,4,0.0009
705972784,4,0.0009
705223147,3,0.0007
712650076,3,0.0007
704912625,3,0.0007
701413155,3,0.0007
702380338,3,0.0007
702997115,3,0.0007
701873390,3,0.0007
704330919,3,0.0007
710036344,3,0.0007
704631381,3,0.0007
700226012,3,0.0007
703715987,3,0.0007
703714857,3,0.0007
703002212,3,0.0007
708803770,3,0.0007
703033092,3,0.0007
703475343,3,0.0007
702596578,3,0.0007
710103565,3,0.0007
705154276,3,0.0007
704070291,3,0.0007
704068980,3,0.0007
703590422,3,0.0007
703079996,3,0.0007
700229057,3,0.0007
704930031,3,0.0007
702984626,3,0.0007
710378423,3,0.0007
708447388,3,0.0007
704442375,3,0.0007
703708594,3,0.0007
705064632,3,0.0007
708723937,3,0.0007
704584382,3,0.0007
704777267,3,0.0007
702599093,3,0.0007
701066102,3,0.0007
714226982,3,0.0007
712294099,3,0.0007
705282903,3,0.0007
703683508,3,0.0007
704833540,3,0.0007
704019124,3,0.0007
700586043,3,0.0007
702997511,3,0.0007
703719278,3,0.0007
703034694,3,0.0007
702266396,3,0.0007
700596042,3,0.0007
703840447,3,0.0007
705207082,3,0.0007
704662030,3,0.0007
705282432,3,0.0007
703362277,3,0.0007
715137279,3,0.0007
711760322,3,0.0007
715466645,3,0.0007
706106986,3,0.0007
705757979,3,0.0007
702095209,3,0.0007
702480310,3,0.0007
708904073,3,0.0007
715755856,3,0.0007
713810711,3,0.0007
704667526,3,0.0007
715992137,3,0.0007
703069765,3,0.0007
705292639,3,0.0007
704356468,3,0.0007
706689304,3,0.0007
703446047,3,0.0007
710994526,2,0.0004
706489549,2,0.0004
705084978,2,0.0004
703065573,2,0.0004
700583057,2,0.0004
703689802,2,0.0004
703734475,2,0.0004
703744052,2,0.0004
703158675,2,0.0004
708637244,2,0.0004
705278018,2,0.0004
702157033,2,0.0004
704070267,2,0.0004
705447258,2,0.0004
705153815,2,0.0004
706417516,2,0.0004
704734268,2,0.0004
704000926,2,0.0004
702239872,2,0.0004
704995489,2,0.0004
711734475,2,0.0004
704066174,2,0.0004
709754311,2,0.0004
711387241,2,0.0004
704433705,2,0.0004
705083517,2,0.0004
700626039,2,0.0004
702505462,2,0.0004
702722430,2,0.0004
705042430,2,0.0004
702216110,2,0.0004
714545357,2,0.0004
703018713,2,0.0004
702216490,2,0.0004
703478453,2,0.0004
704795319,2,0.0004
702377011,2,0.0004
703035071,2,0.0004
702870130,2,0.0004
703549444,2,0.0004
704402221,2,0.0004
705939031,2,0.0004
714874195,2,0.0004
714876612,2,0.0004
714945367,2,0.0004
702758707,2,0.0004
712461417,2,0.0004
704258466,2,0.0004
706674504,2,0.0004
700898208,2,0.0004
705726164,2,0.0004
700069065,2,0.0004
703757427,2,0.0004
702353160,2,0.0004
703723031,2,0.0004
705404267,2,0.0004
704062090,2,0.0004
704660935,2,0.0004
701496119,2,0.0004
704059740,2,0.0004
715492161,2,0.0004
706750890,2,0.0004
712310358,2,0.0004
702809393,2,0.0004
704079367,2,0.0004
715300281,2,0.0004
704330943,2,0.0004
704080043,2,0.0004
704001007,2,0.0004
709951321,2,0.0004
713099927,2,0.0004
702935990,2,0.0004
701723561,2,0.0004
715550315,2,0.0004
713260024,2,0.0004
700605090,2,0.0004
704330372,2,0.0004
704924315,2,0.0004
704138197,2,0.0004
704442086,2,0.0004
704330380,2,0.0004
708502174,2,0.0004
716072780,2,0.0004
716251103,2,0.0004
716181029,2,0.0004
716298328,2,0.0004
702138074,1,0.0002
708242029,1,0.0002
705067676,1,0.0002
703787994,1,0.0002
704241371,1,0.0002
709955553,1,0.0002
702558172,1,0.0002
713280121,1,0.0002
703745828,1,0.0002
703750216,1,0.0002
703685065,1,0.0002
703802785,1,0.0002
703723858,1,0.0002
703781419,1,0.0002
705857423,1,0.0002
705141497,1,0.0002
702785031,1,0.0002
705196384,1,0.0002
702475013,1,0.0002
703719690,1,0.0002
700570062,1,0.0002
704162734,1,0.0002
702271933,1,0.0002
700028038,1,0.0002
705909349,1,0.0002
704791102,1,0.0002
711006106,1,0.0002
702688649,1,0.0002
702376922,1,0.0002
714378932,1,0.0002
702197047,1,0.0002
714510955,1,0.0002
702827007,1,0.0002
705897643,1,0.0002
705266849,1,0.0002
704962018,1,0.0002
704660331,1,0.0002
702730052,1,0.0002
704477710,1,0.0002
703750943,1,0.0002
712180058,1,0.0002
703874941,1,0.0002
704323955,1,0.0002
712067669,1,0.0002
703086157,1,0.0002
712019876,1,0.0002
705239705,1,0.0002
703636993,1,0.0002
709067649,1,0.0002
715073706,1,0.0002
709131353,1,0.0002
700785025,1,0.0002
704574722,1,0.0002
703790782,1,0.0002
701662132,1,0.0002
707764817,1,0.0002
704080118,1,0.0002
715493623,1,0.0002
704247147,1,0.0002
715544243,1,0.0002
705399038,1,0.0002
704402114,1,0.0002
704451392,1,0.0002
700583156,1,0.0002
705084697,1,0.0002
713356251,1,0.0002
713702637,1,0.0002
715706164,1,0.0002
701671646,1,0.0002
704059583,1,0.0002
715688016,1,0.0002
704062264,1,0.0002
705049609,1,0.0002
715204467,1,0.0002
705273977,1,0.0002
704193374,1,0.0002
704833870,1,0.0002
703033084,1,0.0002
702161456,1,0.0002
704895101,1,0.0002
704873694,1,0.0002
703751495,1,0.0002
702505975,1,0.0002
701635971,1,0.0002
715364220,1,0.0002
707145199,1,0.0002
708658240,1,0.0002
711647354,1,0.0002
715354502,1,0.0002
704079144,1,0.0002
715772604,1,0.0002
704322346,1,0.0002
716138425,1,0.0002
704403690,1,0.0002
700591100,1,0.0002
700532013,1,0.0002
700069024,1,0.0002
702574864,1,0.0002
712638337,1,0.0002
703026203,1,0.0002
700358047,1,0.0002
715753901,1,0.0002
702670092,1,0.0002
716113659,1,0.0002
703631770,1,0.0002
705406791,1,0.0002
705096642,1,0.0002
704019959,1,0.0002
704021211,1,0.0002
704060367,1,0.0002
703782540,1,0.0002
707430484,1,0.0002
716241088,1,0.0002
